,MasVnrType,BsmtQual,BsmtCond,BsmtExposure,BsmtFinType1,BsmtFinType2,Electrical,FireplaceQu,GarageType,GarageFinish,GarageQual,GarageCond
0,BrkFace,Gd,TA,No,GLQ,Unf,SBrkr,,Attchd,RFn,TA,TA
1,None,Gd,TA,Gd,ALQ,Unf,SBrkr,TA,Attchd,RFn,TA,TA
2,BrkFace,Gd,TA,Mn,GLQ,Unf,SBrkr,TA,Attchd,RFn,TA,TA
3,None,TA,Gd,No,ALQ,Unf,SBrkr,Gd,Detchd,Unf,TA,TA
4,BrkFace,Gd,TA,Av,GLQ,Unf,SBrkr,TA,Attchd,RFn,TA,TA
5,None,Gd,TA,No,GLQ,Unf,SBrkr,,Attchd,Unf,TA,TA
6,Stone,Ex,TA,Av,GLQ,Unf,SBrkr,Gd,Attchd,RFn,TA,TA
7,Stone,Gd,TA,Mn,ALQ,BLQ,SBrkr,TA,Attchd,RFn,TA,TA
8,None,TA,TA,No,Unf,Unf,FuseF,TA,Detchd,Unf,Fa,TA
9,None,TA,TA,No,GLQ,Unf,SBrkr,TA,Attchd,RFn,Gd,TA
10,None,TA,TA,No,Rec,Unf,SBrkr,,Detchd,Unf,TA,TA
11,Stone,Ex,TA,No,GLQ,Unf,SBrkr,Gd,BuiltIn,Fin,TA,TA
12,None,TA,TA,No,ALQ,Unf,SBrkr,,Detchd,Unf,TA,TA
13,Stone,Gd,TA,Av,Unf,Unf,SBrkr,Gd,Attchd,RFn,TA,TA
14,BrkFace,TA,TA,No,BLQ,Unf,SBrkr,Fa,Attchd,RFn,TA,TA
15,None,TA,TA,No,Unf,Unf,FuseA,,Detchd,Unf,TA,TA
16,BrkFace,TA,TA,No,ALQ,Unf,SBrkr,TA,Attchd,Fin,TA,TA
17,None,,,,,,SBrkr,,CarPort,Unf,TA,TA
18,None,TA,TA,No,GLQ,Unf,SBrkr,,Detchd,Unf,TA,TA
19,None,TA,TA,No,LwQ,Unf,SBrkr,,Attchd,Unf,TA,TA
20,BrkFace,Ex,TA,Av,Unf,Unf,SBrkr,Gd,BuiltIn,RFn,TA,TA
21,None,TA,TA,No,Unf,Unf,FuseF,Gd,Attchd,Unf,TA,TA
22,BrkFace,Gd,TA,No,Unf,Unf,SBrkr,Gd,Attchd,RFn,TA,TA
23,None,Gd,TA,No,GLQ,Unf,SBrkr,TA,Attchd,Unf,TA,TA
24,None,TA,TA,Mn,Rec,ALQ,SBrkr,TA,Attchd,Unf,TA,TA
25,Stone,Gd,TA,No,Unf,Unf,SBrkr,Gd,Attchd,RFn,TA,TA
26,None,TA,TA,Mn,BLQ,Rec,SBrkr,,Detchd,Unf,TA,TA
27,Stone,Ex,TA,No,GLQ,Unf,SBrkr,Gd,Attchd,RFn,TA,TA
28,None,TA,TA,Gd,BLQ,Unf,SBrkr,Gd,Attchd,RFn,TA,TA
29,None,TA,TA,No,Unf,Unf,SBrkr,,Detchd,Unf,Fa,TA
30,None,TA,TA,No,Unf,Unf,SBrkr,,Detchd,Unf,TA,Fa
31,None,TA,TA,No,Unf,Unf,SBrkr,,Attchd,Unf,TA,TA
32,None,Ex,TA,Av,Unf,Unf,SBrkr,,Attchd,RFn,TA,TA
33,None,TA,TA,No,Rec,Unf,SBrkr,Gd,Attchd,RFn,TA,TA
34,BrkFace,Ex,TA,No,GLQ,Unf,SBrkr,Gd,Attchd,Fin,TA,TA
35,Stone,Ex,TA,Av,Unf,Unf,SBrkr,Gd,BuiltIn,Fin,TA,TA
36,None,Gd,TA,No,Unf,Unf,SBrkr,,Attchd,Unf,TA,TA
37,BrkFace,TA,TA,No,Rec,Unf,SBrkr,TA,Attchd,Fin,TA,TA
38,None,TA,TA,No,GLQ,Unf,SBrkr,,Detchd,Unf,TA,TA
39,None,,,,,,FuseP,,,,,
40,BrkFace,TA,TA,No,Rec,Unf,SBrkr,TA,Attchd,RFn,TA,TA
41,None,TA,TA,Gd,BLQ,Unf,SBrkr,Gd,Attchd,RFn,TA,TA
42,None,Gd,TA,Av,ALQ,LwQ,SBrkr,,Attchd,RFn,TA,Gd
43,None,Gd,TA,Av,LwQ,BLQ,SBrkr,,Detchd,Unf,TA,TA
44,None,TA,TA,No,ALQ,BLQ,FuseA,,Attchd,RFn,TA,TA
45,BrkFace,Ex,TA,No,GLQ,Unf,SBrkr,Gd,Attchd,RFn,TA,TA
46,None,Ex,TA,No,GLQ,Unf,SBrkr,Ex,Attchd,RFn,TA,TA
47,None,Gd,TA,Av,GLQ,Unf,SBrkr,,Attchd,RFn,TA,TA
48,None,TA,TA,No,Unf,Unf,SBrkr,,,,,
49,None,TA,TA,No,BLQ,Unf,SBrkr,,Attchd,Unf,TA,TA
50,None,Gd,TA,Av,GLQ,Unf,SBrkr,,Attchd,Fin,TA,TA
51,None,TA,TA,No,Unf,Unf,SBrkr,Gd,Detchd,Unf,TA,TA
52,None,Gd,TA,Gd,LwQ,GLQ,SBrkr,,CarPort,Unf,TA,TA
53,None,Ex,TA,Gd,GLQ,Unf,SBrkr,Gd,Attchd,Fin,TA,TA
54,None,TA,TA,No,ALQ,Unf,SBrkr,TA,Detchd,Unf,TA,TA
55,BrkFace,TA,TA,No,BLQ,Unf,SBrkr,Gd,Attchd,RFn,TA,TA
56,BrkFace,Gd,TA,No,GLQ,Unf,SBrkr,,Attchd,Fin,TA,TA
57,None,Gd,TA,No,Unf,Unf,SBrkr,,Attchd,RFn,TA,TA
58,BrkFace,Ex,TA,Gd,Unf,Unf,SBrkr,Gd,BuiltIn,Fin,TA,TA
59,None,TA,TA,Av,ALQ,Unf,SBrkr,,Detchd,Unf,TA,TA
60,None,Gd,TA,No,ALQ,Unf,SBrkr,,Detchd,Unf,TA,TA
61,None,TA,Fa,No,Unf,Unf,SBrkr,,Detchd,Unf,TA,TA
62,Stone,Gd,Gd,Mn,GLQ,Unf,SBrkr,Gd,Attchd,RFn,TA,TA
63,None,TA,TA,No,Unf,Unf,SBrkr,,Detchd,Unf,TA,TA
64,BrkFace,Gd,TA,No,GLQ,Unf,SBrkr,,Attchd,RFn,TA,TA
65,BrkFace,Ex,TA,Av,Unf,Unf,SBrkr,Gd,BuiltIn,RFn,TA,TA
66,BrkFace,Gd,TA,Gd,GLQ,Unf,SBrkr,Gd,Attchd,RFn,TA,TA
67,BrkFace,Gd,TA,Av,GLQ,Unf,SBrkr,,Attchd,RFn,TA,TA
68,None,TA,TA,No,Unf,Unf,SBrkr,,Attchd,Unf,TA,TA
69,None,TA,TA,No,BLQ,Unf,SBrkr,TA,Attchd,Fin,TA,TA
70,BrkFace,Gd,TA,Gd,ALQ,Unf,SBrkr,Gd,Attchd,Fin,TA,TA
71,None,TA,TA,No,ALQ,Unf,SBrkr,,Detchd,Unf,TA,TA
72,BrkFace,Gd,TA,No,Unf,Unf,SBrkr,TA,Attchd,Fin,TA,TA
73,BrkFace,TA,TA,No,ALQ,BLQ,SBrkr,,Attchd,Unf,TA,TA
74,None,Fa,TA,No,Unf,Unf,SBrkr,,Detchd,Unf,TA,TA
75,None,Gd,TA,Gd,GLQ,Unf,SBrkr,,BuiltIn,Unf,TA,TA
76,None,TA,TA,No,ALQ,Unf,FuseA,,Detchd,Unf,TA,TA
77,None,TA,TA,No,BLQ,GLQ,SBrkr,,Detchd,Unf,TA,TA
78,None,TA,TA,No,Unf,Unf,SBrkr,,,,,
79,None,TA,TA,No,Unf,Unf,SBrkr,,Detchd,Unf,TA,TA
80,BrkFace,Gd,TA,No,Rec,Unf,SBrkr,Gd,Attchd,Fin,TA,TA
81,BrkFace,Ex,Gd,No,GLQ,Unf,SBrkr,,Attchd,Fin,TA,TA
82,Stone,Gd,TA,No,GLQ,Unf,SBrkr,Gd,Attchd,RFn,TA,TA
83,BrkCmn,TA,TA,No,Unf,Unf,SBrkr,,Detchd,Unf,TA,TA
84,BrkFace,Gd,TA,No,Unf,Unf,SBrkr,TA,BuiltIn,Fin,TA,TA
85,BrkFace,Gd,TA,No,Unf,Unf,SBrkr,TA,Attchd,Unf,TA,TA
86,None,Gd,TA,Av,Unf,Unf,SBrkr,Gd,BuiltIn,Fin,TA,TA
87,Stone,Gd,TA,Av,Unf,Unf,SBrkr,,Detchd,RFn,TA,TA
88,None,TA,Fa,No,Unf,Unf,SBrkr,,,,,
89,None,Gd,TA,No,GLQ,Unf,SBrkr,,,,,
90,None,,,,,,FuseA,,Detchd,Unf,TA,TA
91,BrkCmn,TA,TA,No,Rec,Unf,SBrkr,,Attchd,Unf,TA,TA
92,None,Gd,TA,No,ALQ,Unf,SBrkr,,Detchd,Unf,TA,TA
93,None,TA,Fa,Mn,Rec,Unf,SBrkr,Gd,Detchd,Unf,TA,TA
94,None,Gd,TA,No,GLQ,Unf,SBrkr,,Attchd,RFn,TA,TA
95,BrkFace,Gd,Gd,No,ALQ,Unf,SBrkr,TA,BuiltIn,Fin,TA,TA
96,BrkFace,Gd,TA,Av,ALQ,Unf,SBrkr,,Attchd,RFn,TA,TA
97,BrkFace,TA,TA,No,Rec,Unf,FuseF,,Attchd,Fin,TA,TA
98,None,TA,TA,No,ALQ,Unf,SBrkr,,Basment,Unf,Fa,TA
99,None,TA,TA,No,ALQ,Unf,SBrkr,,,,,
100,BrkFace,TA,TA,Mn,ALQ,Unf,SBrkr,TA,Attchd,RFn,TA,TA
101,BrkFace,Gd,TA,No,Unf,Unf,SBrkr,TA,Attchd,Fin,TA,TA
102,None,,,,,,SBrkr,,Attchd,Unf,TA,TA
103,None,Gd,TA,No,Unf,Unf,SBrkr,,Attchd,RFn,TA,TA
104,BrkFace,TA,TA,No,LwQ,Unf,FuseF,TA,Detchd,Unf,TA,TA
105,BrkFace,Ex,TA,No,Unf,Unf,SBrkr,Gd,Attchd,RFn,TA,TA
106,None,Fa,TA,No,Unf,Unf,SBrkr,,Detchd,Unf,Fa,Fa
107,None,TA,TA,No,ALQ,BLQ,SBrkr,,Detchd,Unf,TA,TA
108,None,TA,TA,No,Unf,Unf,FuseF,,,,,
109,BrkFace,Gd,TA,No,BLQ,Unf,SBrkr,TA,Attchd,RFn,TA,TA
110,None,TA,Fa,No,Rec,Unf,SBrkr,,Attchd,Unf,TA,TA
111,None,Gd,TA,No,GLQ,Unf,SBrkr,TA,BuiltIn,Fin,TA,TA
112,Stone,Ex,TA,Av,GLQ,Unf,SBrkr,Gd,BuiltIn,Fin,TA,TA
113,BrkFace,Gd,TA,Mn,ALQ,Rec,SBrkr,Gd,Basment,Unf,TA,TA
114,None,TA,TA,No,ALQ,LwQ,SBrkr,TA,Detchd,Unf,TA,TA
115,BrkFace,Gd,TA,No,GLQ,Unf,SBrkr,Fa,Detchd,Unf,TA,TA
116,BrkFace,TA,TA,No,LwQ,BLQ,SBrkr,Po,Attchd,Unf,TA,TA
117,None,Gd,TA,No,Unf,Unf,SBrkr,,Attchd,Unf,TA,TA
118,None,Gd,TA,Mn,GLQ,Unf,SBrkr,TA,Attchd,Unf,TA,TA
119,None,Gd,TA,No,Unf,Unf,SBrkr,Gd,Attchd,Fin,TA,TA
120,None,TA,TA,Gd,ALQ,Unf,SBrkr,TA,Attchd,Unf,TA,TA
121,None,TA,TA,No,Unf,Unf,SBrkr,,Detchd,Unf,TA,TA
122,BrkFace,TA,TA,No,BLQ,Unf,SBrkr,,Attchd,Unf,TA,TA
123,None,Gd,TA,No,GLQ,Unf,SBrkr,,Attchd,RFn,TA,TA
124,None,Gd,Fa,No,Unf,Unf,SBrkr,TA,Attchd,Unf,TA,TA
125,None,TA,TA,Av,GLQ,Unf,SBrkr,,,,,
126,None,Gd,TA,No,ALQ,Unf,SBrkr,TA,Attchd,RFn,TA,TA
127,None,TA,TA,No,LwQ,Unf,SBrkr,TA,,,,
128,BrkFace,TA,TA,No,BLQ,Unf,SBrkr,Fa,Attchd,RFn,TA,TA
129,BrkFace,TA,TA,No,Rec,BLQ,FuseA,,2Types,RFn,TA,TA
130,BrkFace,TA,TA,No,Rec,Unf,SBrkr,Gd,Attchd,Fin,TA,TA
131,BrkFace,Gd,TA,No,GLQ,Unf,SBrkr,TA,BuiltIn,RFn,TA,TA
132,None,TA,TA,No,Rec,Unf,SBrkr,,Detchd,Unf,TA,TA
133,BrkFace,Ex,TA,No,GLQ,Unf,SBrkr,,Attchd,Fin,TA,TA
134,None,TA,TA,No,Rec,Unf,SBrkr,TA,Attchd,RFn,TA,TA
135,BrkFace,TA,TA,No,Unf,Unf,SBrkr,Gd,Attchd,Unf,TA,TA
136,BrkFace,TA,TA,No,BLQ,Unf,SBrkr,Fa,Attchd,RFn,TA,TA
137,BrkFace,TA,TA,No,Unf,Unf,SBrkr,,2Types,Unf,TA,TA
138,BrkFace,Gd,TA,Mn,GLQ,Unf,SBrkr,TA,Attchd,Fin,TA,TA
139,None,Gd,TA,No,GLQ,Unf,SBrkr,,Attchd,RFn,TA,TA
140,None,TA,TA,No,ALQ,Unf,SBrkr,Po,,,,
141,None,Gd,TA,Av,GLQ,Unf,SBrkr,,Attchd,Fin,TA,TA
142,None,TA,TA,No,Rec,Unf,SBrkr,,Detchd,Unf,TA,TA
143,BrkFace,Gd,TA,Gd,GLQ,Unf,SBrkr,,Attchd,RFn,TA,TA
144,BrkFace,TA,TA,No,Rec,Unf,SBrkr,,Detchd,Unf,TA,TA
145,Stone,Gd,TA,No,Unf,Unf,SBrkr,,Detchd,Unf,TA,TA
146,None,TA,TA,No,BLQ,Unf,FuseA,,Detchd,Unf,Fa,TA
147,BrkFace,Gd,TA,No,Unf,Unf,SBrkr,Gd,BuiltIn,Fin,TA,TA
148,BrkFace,Gd,TA,No,GLQ,Unf,SBrkr,,,,,
149,None,Gd,TA,No,Unf,Unf,FuseA,,Detchd,Unf,Fa,TA
150,None,TA,TA,Av,BLQ,Unf,SBrkr,,Attchd,Unf,TA,TA
151,Stone,Ex,TA,Gd,GLQ,Unf,SBrkr,Gd,Attchd,RFn,TA,TA
152,BrkFace,TA,TA,No,Rec,Unf,SBrkr,Gd,Attchd,RFn,TA,TA
153,None,Gd,TA,Gd,BLQ,ALQ,SBrkr,Gd,Attchd,RFn,TA,TA
154,None,TA,TA,No,Unf,Unf,FuseA,,Detchd,Unf,Fa,Fa
155,None,TA,TA,No,Unf,Unf,FuseF,,,,,
156,None,,,,,,FuseF,,Detchd,Unf,TA,TA
157,BrkFace,Ex,TA,No,Unf,Unf,SBrkr,Gd,BuiltIn,Fin,TA,TA
158,None,Gd,TA,No,GLQ,Unf,SBrkr,Gd,Attchd,RFn,TA,TA
159,BrkFace,Gd,TA,Mn,GLQ,Unf,SBrkr,Gd,Attchd,RFn,TA,TA
160,None,Gd,TA,No,BLQ,Unf,SBrkr,,Attchd,Unf,TA,TA
161,BrkFace,Ex,TA,Av,GLQ,Unf,SBrkr,Gd,BuiltIn,Fin,TA,TA
162,BrkFace,Gd,TA,Mn,BLQ,Unf,SBrkr,Gd,Attchd,RFn,TA,TA
163,None,TA,TA,No,Unf,Unf,SBrkr,,,,,
164,None,TA,TA,Mn,LwQ,Unf,FuseA,,Detchd,Unf,TA,TA
165,None,TA,TA,No,ALQ,Rec,SBrkr,,,,,
166,None,TA,TA,No,LwQ,BLQ,FuseA,Gd,Attchd,Fin,TA,TA
167,Stone,Ex,TA,No,GLQ,Unf,SBrkr,Gd,Attchd,Fin,TA,TA
168,None,Gd,TA,No,Unf,Unf,SBrkr,Gd,Attchd,Fin,TA,TA
169,BrkFace,Gd,TA,No,Unf,Unf,SBrkr,TA,Attchd,RFn,TA,TA
170,None,TA,TA,No,Rec,Unf,SBrkr,,Detchd,Unf,TA,TA
171,Stone,TA,Gd,Gd,BLQ,Unf,SBrkr,Gd,Attchd,Fin,TA,TA
172,None,Gd,Gd,No,GLQ,Rec,SBrkr,TA,Attchd,RFn,Gd,TA
173,BrkCmn,TA,TA,No,ALQ,Rec,SBrkr,TA,Attchd,Unf,TA,TA
174,Stone,Gd,Fa,No,ALQ,LwQ,SBrkr,TA,Attchd,Fin,TA,TA
175,None,TA,Gd,Av,ALQ,Unf,SBrkr,Gd,Attchd,Unf,TA,TA
176,BrkFace,Gd,TA,No,GLQ,Unf,SBrkr,TA,Attchd,Unf,TA,TA
177,None,TA,TA,No,ALQ,BLQ,SBrkr,Gd,Attchd,Unf,TA,TA
178,Stone,Ex,TA,No,GLQ,Unf,SBrkr,Gd,Attchd,Fin,TA,TA
179,None,TA,TA,No,Unf,Unf,SBrkr,,Detchd,Unf,Fa,TA
180,BrkFace,Gd,TA,No,GLQ,Unf,SBrkr,TA,Detchd,Unf,TA,TA
181,None,Fa,TA,No,LwQ,Unf,SBrkr,Gd,Detchd,Unf,Fa,TA
182,BrkFace,,,,,,SBrkr,Gd,Attchd,RFn,TA,TA
183,None,Gd,TA,No,Unf,Unf,SBrkr,,Detchd,Unf,TA,TA
184,None,Fa,TA,No,Unf,Unf,SBrkr,,Attchd,Unf,TA,TA
185,None,TA,TA,Mn,Unf,Unf,SBrkr,TA,Detchd,Unf,Ex,TA
186,None,Gd,TA,Av,GLQ,Unf,SBrkr,,Attchd,Unf,TA,TA
187,None,Fa,TA,No,Unf,Unf,SBrkr,,Detchd,Unf,Fa,Fa
188,Stone,Gd,TA,Av,GLQ,Unf,SBrkr,TA,Detchd,Unf,TA,TA
189,None,Ex,TA,Av,GLQ,Unf,SBrkr,Gd,Attchd,Fin,TA,TA
190,None,Gd,Gd,No,Rec,Unf,SBrkr,TA,Detchd,Unf,TA,TA
191,BrkFace,TA,TA,No,ALQ,Unf,SBrkr,,Attchd,Fin,TA,TA
192,None,Gd,TA,Av,GLQ,Unf,SBrkr,,Attchd,Fin,TA,TA
193,Stone,Gd,TA,No,Unf,Unf,SBrkr,,Detchd,Unf,TA,TA
194,None,TA,TA,Av,ALQ,Unf,SBrkr,,Detchd,Unf,TA,TA
195,None,Gd,TA,No,ALQ,Unf,SBrkr,TA,Attchd,Unf,TA,TA
196,Stone,Ex,TA,No,GLQ,Unf,SBrkr,Gd,Attchd,Fin,TA,TA
197,None,TA,TA,No,GLQ,LwQ,SBrkr,Ex,Detchd,Unf,TA,TA
198,None,TA,TA,No,Unf,Unf,SBrkr,,,,,
199,BrkFace,Ex,TA,Av,GLQ,Unf,SBrkr,Gd,Attchd,Fin,TA,TA
200,None,Gd,TA,No,Unf,Unf,SBrkr,,Attchd,RFn,TA,TA
201,None,TA,TA,No,ALQ,LwQ,SBrkr,Fa,Detchd,Unf,TA,TA
202,None,Fa,TA,No,LwQ,Unf,SBrkr,,Attchd,Unf,TA,TA
203,BrkFace,Gd,TA,Av,GLQ,Unf,SBrkr,Gd,Attchd,RFn,TA,TA
204,None,TA,TA,No,LwQ,Unf,SBrkr,,Detchd,Unf,TA,TA
205,None,Gd,TA,No,Unf,Unf,SBrkr,,Attchd,RFn,TA,TA
206,None,TA,TA,No,Unf,Unf,SBrkr,TA,Attchd,RFn,TA,TA
207,None,TA,TA,No,ALQ,Rec,SBrkr,Po,Attchd,RFn,TA,TA
208,BrkFace,Gd,TA,Gd,GLQ,Unf,SBrkr,Gd,Attchd,Fin,TA,TA
209,Stone,Gd,TA,No,Rec,Unf,SBrkr,,Attchd,RFn,TA,Gd
210,None,TA,TA,No,Rec,Unf,FuseA,,,,,
211,None,Gd,TA,Mn,GLQ,Unf,SBrkr,,Attchd,RFn,TA,TA
212,None,Gd,TA,No,GLQ,Unf,SBrkr,TA,Attchd,RFn,TA,TA
213,None,Gd,TA,No,ALQ,Unf,SBrkr,,Attchd,Unf,TA,TA
214,BrkFace,Gd,TA,No,GLQ,Unf,SBrkr,,Attchd,Fin,TA,TA
215,BrkFace,TA,TA,No,BLQ,Unf,SBrkr,Fa,Attchd,Unf,TA,TA
216,BrkFace,Gd,TA,Mn,GLQ,Unf,SBrkr,,Attchd,Unf,TA,TA
217,None,TA,TA,No,Unf,Unf,SBrkr,,Detchd,Unf,TA,TA
218,BrkFace,TA,TA,No,BLQ,Unf,SBrkr,TA,Attchd,Unf,TA,TA
219,BrkFace,Gd,TA,Av,GLQ,Unf,SBrkr,,Attchd,Fin,TA,TA
220,None,Gd,TA,Mn,Unf,Unf,SBrkr,,Attchd,RFn,TA,TA
221,None,Gd,TA,No,Unf,Unf,SBrkr,TA,BuiltIn,RFn,TA,TA
222,None,Gd,TA,No,ALQ,Unf,SBrkr,TA,Attchd,RFn,TA,TA
223,None,TA,TA,No,ALQ,LwQ,SBrkr,,Detchd,Unf,TA,TA
224,BrkFace,Ex,TA,Gd,GLQ,Unf,SBrkr,Ex,Attchd,Fin,TA,TA
225,BrkFace,TA,TA,No,Unf,Unf,SBrkr,,Detchd,Unf,TA,TA
226,BrkFace,Gd,TA,No,GLQ,Unf,SBrkr,TA,Attchd,RFn,TA,TA
227,BrkFace,TA,TA,No,Rec,Unf,SBrkr,,Detchd,Unf,TA,TA
228,None,TA,TA,No,ALQ,Unf,SBrkr,Fa,Detchd,Unf,TA,TA
229,BrkFace,Gd,TA,Av,GLQ,Unf,SBrkr,TA,Attchd,Fin,TA,TA
230,BrkFace,TA,TA,No,Unf,Unf,SBrkr,,Attchd,RFn,TA,TA
231,BrkFace,Gd,TA,No,GLQ,Unf,SBrkr,TA,Attchd,Fin,TA,TA
232,BrkFace,TA,TA,No,Unf,Unf,SBrkr,Po,Attchd,Unf,TA,TA
233,None,TA,Gd,Av,LwQ,ALQ,SBrkr,,Attchd,Unf,TA,TA
234,,Gd,TA,No,GLQ,Unf,SBrkr,TA,BuiltIn,Fin,TA,TA
235,BrkFace,TA,TA,No,ALQ,Unf,SBrkr,,Detchd,Unf,TA,TA
236,BrkFace,Gd,TA,Av,GLQ,Unf,SBrkr,,Attchd,RFn,TA,TA
237,None,Gd,TA,No,BLQ,Unf,SBrkr,,Attchd,RFn,TA,TA
238,BrkFace,Ex,TA,No,Unf,Unf,SBrkr,,Attchd,Fin,TA,TA
239,None,TA,Fa,No,LwQ,Unf,FuseA,Gd,Detchd,Unf,TA,TA
240,Stone,Gd,TA,Av,GLQ,Unf,SBrkr,,Attchd,RFn,TA,TA
241,None,TA,TA,No,ALQ,Unf,SBrkr,,,,,
242,None,TA,TA,No,Unf,Unf,FuseA,,Attchd,Unf,Fa,TA
243,None,Gd,TA,No,Unf,Unf,SBrkr,TA,Attchd,RFn,TA,TA
244,None,Gd,TA,No,GLQ,Unf,SBrkr,Fa,Attchd,RFn,TA,TA
245,BrkFace,Gd,TA,Av,GLQ,Unf,SBrkr,TA,Attchd,Fin,TA,TA
246,None,Fa,TA,No,Unf,Unf,FuseP,,Detchd,Unf,Po,Po
247,None,TA,TA,No,Unf,Unf,SBrkr,TA,Attchd,Unf,TA,TA
248,BrkFace,Gd,TA,No,Unf,Unf,SBrkr,,Attchd,RFn,TA,TA
249,BrkCmn,Gd,TA,Gd,Rec,Unf,SBrkr,TA,Attchd,Fin,TA,TA
250,None,TA,TA,No,Unf,Unf,SBrkr,,,,,
251,Stone,Gd,TA,Gd,GLQ,Unf,SBrkr,Gd,Attchd,Fin,TA,TA
252,None,Gd,TA,No,Unf,Unf,SBrkr,,Attchd,RFn,TA,TA
253,BrkFace,Gd,TA,Gd,LwQ,ALQ,SBrkr,,Attchd,RFn,TA,TA
254,None,TA,TA,No,Rec,Unf,SBrkr,,Attchd,RFn,TA,TA
255,BrkFace,Gd,TA,No,Unf,Unf,SBrkr,TA,BuiltIn,Fin,TA,TA
256,None,Gd,TA,No,Rec,Unf,SBrkr,,Attchd,RFn,TA,TA
257,Stone,Gd,TA,No,GLQ,Unf,SBrkr,Gd,Attchd,RFn,TA,TA
258,BrkFace,Gd,TA,No,GLQ,Unf,SBrkr,TA,Attchd,RFn,TA,TA
259,None,,,,,,FuseA,,Detchd,Unf,TA,TA
260,BrkFace,TA,TA,Gd,Rec,ALQ,SBrkr,TA,Attchd,Unf,TA,TA
261,Stone,Ex,TA,No,Unf,Unf,SBrkr,Gd,BuiltIn,Fin,TA,TA
262,BrkFace,Gd,Gd,Av,ALQ,Unf,SBrkr,TA,Attchd,Unf,TA,TA
263,None,TA,TA,No,LwQ,ALQ,SBrkr,,Detchd,Unf,TA,TA
264,None,Fa,TA,No,Unf,Unf,FuseP,,Detchd,Unf,TA,TA
265,BrkFace,Gd,TA,No,GLQ,LwQ,SBrkr,TA,Attchd,Fin,TA,TA
266,None,Gd,TA,Av,GLQ,Unf,SBrkr,TA,Attchd,Fin,TA,TA
267,None,TA,TA,No,LwQ,Unf,SBrkr,Gd,Detchd,Unf,TA,TA
268,None,TA,TA,No,ALQ,Rec,SBrkr,Gd,Detchd,Fin,Ex,Ex
269,BrkFace,TA,Gd,No,BLQ,Unf,SBrkr,Fa,Attchd,RFn,TA,Gd
270,None,Gd,TA,Mn,Unf,Unf,SBrkr,Gd,Attchd,RFn,TA,TA
271,None,Gd,TA,Gd,LwQ,GLQ,SBrkr,TA,Attchd,Unf,TA,TA
272,BrkFace,Gd,TA,No,GLQ,Unf,SBrkr,Gd,Attchd,Fin,TA,TA
273,BrkCmn,TA,TA,No,Rec,LwQ,SBrkr,Gd,Attchd,RFn,TA,TA
274,None,TA,TA,Gd,ALQ,Unf,SBrkr,,Attchd,Unf,TA,TA
275,None,TA,TA,No,Unf,Unf,SBrkr,,Detchd,Unf,TA,TA
276,None,Ex,TA,No,Unf,Unf,SBrkr,,Attchd,Fin,TA,TA
277,None,TA,TA,No,LwQ,Unf,SBrkr,,Detchd,Unf,TA,TA
278,BrkFace,Ex,TA,Gd,Unf,Unf,SBrkr,Ex,Attchd,Fin,TA,TA
279,BrkFace,Gd,TA,No,BLQ,Unf,SBrkr,TA,Attchd,Fin,TA,TA
280,BrkFace,Gd,TA,Av,GLQ,Unf,SBrkr,TA,Attchd,Fin,TA,TA
281,Stone,Gd,TA,No,GLQ,Unf,SBrkr,,Attchd,Fin,TA,TA
282,Stone,Gd,TA,No,GLQ,Unf,SBrkr,Gd,Attchd,RFn,TA,TA
283,Stone,Gd,TA,No,Unf,Unf,SBrkr,Gd,Attchd,Fin,TA,TA
284,None,Gd,TA,No,GLQ,Unf,SBrkr,,Attchd,RFn,TA,TA
285,None,Gd,TA,No,Unf,Unf,SBrkr,,Detchd,RFn,TA,TA
286,None,TA,TA,No,Rec,Unf,SBrkr,Gd,Attchd,RFn,TA,TA
287,None,TA,TA,No,BLQ,Unf,SBrkr,,,,,
288,BrkFace,TA,TA,No,BLQ,Unf,SBrkr,,Detchd,Unf,TA,TA
289,None,TA,TA,No,Unf,Unf,FuseA,,Detchd,Unf,TA,TA
290,None,Gd,TA,Av,Unf,Unf,SBrkr,Gd,Attchd,RFn,Gd,TA
291,None,TA,Fa,No,Rec,Unf,SBrkr,,,,,
292,None,TA,TA,No,LwQ,Unf,SBrkr,Gd,Attchd,Unf,TA,TA
293,BrkFace,TA,TA,No,ALQ,Unf,SBrkr,TA,Attchd,Fin,TA,TA
294,Stone,TA,TA,No,GLQ,Unf,SBrkr,Gd,Attchd,Fin,TA,TA
295,None,TA,TA,Av,GLQ,Unf,SBrkr,,Detchd,Unf,TA,TA
296,None,TA,TA,No,BLQ,Unf,FuseA,,Attchd,Unf,TA,TA
297,BrkFace,Gd,TA,No,BLQ,Unf,SBrkr,TA,Detchd,RFn,TA,TA
298,BrkFace,TA,TA,No,ALQ,Rec,SBrkr,Gd,Attchd,Unf,TA,TA
299,None,TA,TA,No,Unf,Unf,SBrkr,Gd,Attchd,Unf,TA,TA
300,BrkFace,TA,TA,Mn,BLQ,Unf,SBrkr,Gd,Attchd,Unf,TA,TA
301,None,Gd,TA,No,GLQ,Unf,SBrkr,TA,BuiltIn,Fin,TA,TA
302,BrkFace,Gd,TA,No,Unf,Unf,SBrkr,TA,Attchd,RFn,TA,TA
303,None,TA,TA,No,ALQ,Unf,SBrkr,,Attchd,Unf,TA,TA
304,None,TA,TA,No,Unf,Unf,SBrkr,Ex,Attchd,Unf,TA,TA
305,Stone,Gd,TA,No,GLQ,Unf,SBrkr,,Attchd,Fin,TA,TA
306,BrkFace,Gd,TA,No,ALQ,Unf,SBrkr,TA,Attchd,RFn,TA,TA
307,None,TA,TA,No,Unf,Unf,FuseA,,,,,
308,None,TA,TA,No,BLQ,Unf,SBrkr,,Detchd,Unf,TA,TA
309,None,Ex,TA,Gd,GLQ,Unf,SBrkr,Ex,Attchd,Fin,TA,TA
310,BrkFace,Gd,TA,No,ALQ,Unf,SBrkr,TA,Attchd,Fin,TA,TA
311,None,TA,TA,No,ALQ,Unf,SBrkr,Gd,Detchd,Unf,TA,TA
312,None,Gd,TA,Mn,Rec,Unf,SBrkr,Gd,Detchd,Unf,TA,TA
313,None,Gd,TA,Gd,ALQ,Rec,SBrkr,Gd,Attchd,RFn,TA,TA
314,None,TA,Gd,No,LwQ,Unf,SBrkr,Gd,Detchd,Unf,Fa,TA
315,None,Gd,TA,No,GLQ,Unf,SBrkr,Gd,Attchd,Fin,TA,TA
316,BrkFace,Gd,TA,No,GLQ,Unf,SBrkr,TA,Attchd,RFn,TA,TA
317,None,Gd,TA,Av,Unf,Unf,SBrkr,Gd,Attchd,RFn,TA,TA
318,BrkFace,Gd,TA,Gd,GLQ,Unf,SBrkr,TA,Attchd,RFn,TA,TA
319,BrkFace,Gd,TA,Av,GLQ,Unf,SBrkr,TA,Attchd,Unf,TA,TA
320,Stone,Ex,Gd,Av,Unf,Unf,SBrkr,,Attchd,RFn,TA,TA
321,BrkFace,Ex,TA,Av,GLQ,Unf,SBrkr,Gd,BuiltIn,Fin,TA,TA
322,BrkFace,TA,TA,Gd,LwQ,ALQ,SBrkr,TA,Attchd,Fin,TA,TA
323,None,TA,TA,No,ALQ,Unf,SBrkr,,Attchd,Unf,Fa,TA
324,BrkFace,Gd,TA,No,Unf,Unf,SBrkr,Gd,BuiltIn,Fin,TA,TA
325,None,TA,TA,Av,BLQ,Unf,FuseF,,Detchd,Unf,TA,TA
326,None,Gd,TA,Gd,GLQ,Unf,SBrkr,Gd,Attchd,Fin,TA,TA
327,BrkFace,TA,TA,No,Rec,Unf,SBrkr,,Attchd,RFn,TA,TA
328,None,TA,TA,No,Unf,Unf,FuseA,,Detchd,Unf,TA,TA
329,None,TA,TA,Mn,Unf,Unf,SBrkr,,Detchd,Unf,Fa,Fa
330,BrkFace,TA,TA,No,GLQ,Rec,SBrkr,,Detchd,Unf,TA,TA
331,None,TA,TA,No,Rec,Unf,SBrkr,,Attchd,RFn,TA,TA
332,BrkFace,Gd,TA,No,GLQ,,SBrkr,Gd,Attchd,RFn,TA,TA
333,Stone,Gd,TA,Av,GLQ,Unf,SBrkr,Gd,Attchd,RFn,TA,TA
334,None,Gd,TA,Gd,GLQ,Unf,SBrkr,TA,Attchd,Fin,TA,TA
335,None,TA,TA,Gd,ALQ,BLQ,SBrkr,Gd,Attchd,Fin,TA,TA
336,Stone,Ex,TA,Gd,GLQ,Unf,SBrkr,Gd,Attchd,Fin,TA,TA
337,BrkFace,Gd,TA,Av,GLQ,Unf,SBrkr,,Attchd,RFn,TA,TA
338,None,Gd,TA,Mn,ALQ,Unf,SBrkr,,Attchd,RFn,TA,TA
339,BrkFace,TA,Fa,No,Rec,Unf,FuseA,,Attchd,Unf,TA,TA
340,None,Gd,TA,No,Unf,Unf,SBrkr,,Attchd,Fin,TA,TA
341,None,TA,Fa,No,Unf,Unf,SBrkr,,CarPort,Unf,TA,TA
342,BrkFace,,,,,,FuseA,,Detchd,Unf,TA,TA
343,BrkFace,Ex,TA,No,GLQ,Unf,SBrkr,Ex,Attchd,RFn,TA,TA
344,None,Gd,TA,No,Rec,BLQ,SBrkr,,Attchd,Unf,TA,TA
345,None,TA,TA,No,Unf,Unf,SBrkr,Gd,Detchd,Unf,TA,TA
346,None,TA,TA,Mn,BLQ,Unf,SBrkr,,Attchd,RFn,TA,TA
347,BrkFace,TA,TA,No,BLQ,Unf,FuseA,Gd,Attchd,Unf,TA,TA
348,Stone,Gd,TA,No,GLQ,Unf,SBrkr,,BuiltIn,RFn,TA,TA
349,BrkFace,Ex,TA,No,GLQ,Unf,SBrkr,Ex,Attchd,Fin,TA,TA
350,BrkFace,Ex,TA,No,Unf,Unf,SBrkr,Gd,Attchd,RFn,TA,TA
351,None,Gd,TA,Gd,GLQ,Unf,SBrkr,TA,Attchd,RFn,TA,TA
352,None,TA,Fa,Mn,LwQ,Rec,SBrkr,,Detchd,Unf,TA,Fa
353,None,TA,TA,No,Unf,Unf,SBrkr,,Detchd,Unf,TA,TA
354,None,TA,TA,No,LwQ,Unf,SBrkr,Gd,Attchd,Unf,TA,TA
355,None,Gd,Gd,No,ALQ,BLQ,SBrkr,,Attchd,RFn,TA,TA
356,BrkFace,Gd,TA,No,GLQ,Unf,SBrkr,,Attchd,RFn,TA,TA
357,None,Gd,TA,No,ALQ,Unf,SBrkr,Po,Attchd,Fin,TA,TA
358,BrkFace,TA,TA,Av,BLQ,Rec,FuseF,,BuiltIn,Unf,TA,TA
359,BrkFace,Gd,TA,Av,GLQ,Unf,SBrkr,TA,Attchd,RFn,TA,TA
360,None,Gd,TA,Av,GLQ,Unf,SBrkr,TA,Attchd,RFn,TA,TA
361,None,TA,TA,No,Rec,Unf,SBrkr,,Detchd,Unf,TA,TA
362,BrkFace,,,,,,SBrkr,Ex,BuiltIn,RFn,TA,TA
363,BrkFace,TA,TA,No,ALQ,Unf,SBrkr,,Detchd,Unf,TA,TA
364,BrkFace,Gd,TA,Mn,GLQ,Unf,SBrkr,TA,Attchd,Fin,TA,TA
365,None,TA,Fa,No,Rec,Unf,FuseA,,Detchd,Unf,TA,Fa
366,BrkFace,Gd,TA,No,BLQ,Unf,SBrkr,Gd,Attchd,RFn,TA,TA
367,BrkFace,Gd,TA,Gd,GLQ,Unf,SBrkr,Gd,Basment,RFn,TA,TA
368,BrkFace,TA,TA,No,LwQ,Unf,SBrkr,Gd,Attchd,Fin,TA,TA
369,None,TA,TA,No,ALQ,Rec,SBrkr,Gd,Detchd,Fin,TA,TA
370,None,Gd,TA,No,Unf,Unf,SBrkr,TA,Attchd,RFn,TA,TA
371,None,,,,,,SBrkr,Gd,Detchd,Fin,TA,TA
372,None,Gd,TA,No,ALQ,LwQ,SBrkr,,Attchd,Unf,TA,TA
373,None,TA,TA,No,BLQ,LwQ,SBrkr,,Attchd,Unf,TA,TA
374,None,Gd,TA,No,Unf,Unf,SBrkr,Gd,BuiltIn,Fin,TA,TA
375,None,Fa,Po,Gd,BLQ,Unf,FuseA,,,,,
376,None,Gd,TA,Av,GLQ,Unf,SBrkr,,Detchd,Unf,TA,TA
377,None,Gd,TA,No,Unf,Unf,SBrkr,Gd,Attchd,RFn,TA,TA
378,Stone,Ex,TA,Av,GLQ,Unf,SBrkr,Ex,Attchd,Fin,TA,TA
379,BrkFace,Gd,TA,No,Unf,Unf,SBrkr,TA,Attchd,Fin,TA,TA
380,None,TA,TA,No,LwQ,Unf,SBrkr,Gd,Detchd,Unf,TA,TA
381,None,Gd,Gd,No,Unf,Unf,SBrkr,Gd,Attchd,RFn,TA,TA
382,None,Gd,TA,Av,Unf,Unf,SBrkr,,Attchd,RFn,TA,TA
383,None,Fa,Fa,No,Unf,Unf,FuseA,,Detchd,Unf,Fa,Fa
384,None,Gd,TA,Av,GLQ,Unf,SBrkr,Fa,Attchd,Fin,TA,TA
385,BrkFace,Gd,TA,No,GLQ,Unf,SBrkr,TA,Attchd,Fin,TA,TA
386,None,TA,TA,No,Unf,Unf,SBrkr,,,,,
387,BrkFace,TA,TA,Av,ALQ,Unf,SBrkr,Fa,Detchd,Unf,TA,TA
388,BrkFace,Gd,TA,No,Unf,Unf,SBrkr,,Attchd,RFn,TA,TA
389,Stone,Ex,TA,Av,GLQ,Unf,SBrkr,Ex,BuiltIn,Fin,TA,TA
390,None,TA,Gd,No,Rec,BLQ,SBrkr,,Detchd,Unf,TA,TA
391,None,Ex,TA,No,ALQ,Unf,SBrkr,TA,BuiltIn,Fin,TA,TA
392,None,,,,,,SBrkr,,Attchd,RFn,TA,TA
393,None,TA,TA,No,Rec,Unf,FuseA,TA,,,,
394,None,TA,TA,No,Unf,Unf,FuseA,,Detchd,Unf,TA,TA
395,None,TA,TA,Av,BLQ,Unf,SBrkr,,Attchd,Unf,TA,TA
396,None,TA,TA,Av,Rec,Unf,SBrkr,,Detchd,RFn,TA,TA
397,BrkFace,TA,TA,No,ALQ,Unf,SBrkr,TA,Attchd,RFn,TA,TA
398,None,Fa,Po,No,Unf,Unf,Mix,,Detchd,Unf,Po,Po
399,Stone,Gd,TA,No,GLQ,Unf,SBrkr,,Attchd,Fin,TA,TA
400,None,Gd,TA,No,GLQ,Unf,SBrkr,Gd,Attchd,Fin,TA,TA
401,None,Gd,TA,Av,GLQ,Unf,SBrkr,Gd,Attchd,Fin,TA,TA
402,None,TA,TA,No,Unf,Unf,SBrkr,,Detchd,Unf,TA,TA
403,BrkFace,Gd,TA,No,Unf,Unf,SBrkr,TA,BuiltIn,Fin,TA,TA
404,None,Gd,TA,No,Unf,Unf,SBrkr,TA,BuiltIn,Fin,TA,TA
405,None,TA,TA,No,BLQ,Unf,SBrkr,TA,Attchd,Unf,TA,TA
406,None,TA,TA,No,Unf,Unf,FuseA,,Detchd,Unf,TA,TA
407,None,Gd,TA,No,Unf,Unf,SBrkr,,Attchd,Unf,TA,TA
408,BrkFace,Ex,Gd,No,Unf,Unf,SBrkr,Gd,Attchd,RFn,TA,TA
409,Stone,Ex,TA,No,GLQ,Unf,SBrkr,Gd,Attchd,Fin,TA,TA
410,None,TA,Fa,No,Unf,Unf,FuseA,,Attchd,Unf,TA,TA
411,None,TA,TA,Mn,Rec,Unf,SBrkr,,Attchd,Fin,TA,TA
412,Stone,Ex,TA,Av,GLQ,Unf,SBrkr,Gd,Attchd,Fin,TA,TA
413,None,TA,TA,No,Unf,Unf,FuseA,Gd,Detchd,Unf,TA,TA
414,None,Gd,TA,No,BLQ,GLQ,SBrkr,TA,Attchd,Unf,TA,TA
415,None,Gd,TA,Av,GLQ,Unf,SBrkr,,Attchd,Fin,TA,TA
416,BrkFace,TA,TA,No,ALQ,Unf,SBrkr,TA,Attchd,Fin,TA,TA
417,None,Gd,TA,No,BLQ,Unf,FuseA,Gd,Detchd,Unf,TA,TA
418,None,TA,TA,No,ALQ,Unf,FuseF,,Detchd,Unf,TA,TA
419,None,TA,TA,No,BLQ,Unf,SBrkr,Fa,Attchd,Unf,TA,TA
420,BrkFace,Gd,Gd,Gd,GLQ,Unf,SBrkr,,Attchd,Fin,TA,TA
421,Stone,Gd,TA,No,ALQ,Unf,SBrkr,TA,Attchd,Fin,TA,TA
422,None,TA,TA,No,Unf,Unf,FuseA,,Attchd,RFn,TA,TA
423,BrkFace,Gd,TA,No,GLQ,Unf,SBrkr,TA,Attchd,Fin,TA,TA
424,BrkFace,Gd,TA,No,LwQ,Unf,FuseA,Gd,Attchd,RFn,TA,TA
425,None,TA,TA,No,Unf,Unf,SBrkr,Gd,Detchd,Unf,TA,TA
426,BrkFace,Gd,TA,Gd,GLQ,Unf,SBrkr,TA,Attchd,Fin,TA,TA
427,None,TA,TA,No,Rec,Unf,SBrkr,,Detchd,Unf,TA,TA
428,BrkFace,Gd,TA,No,GLQ,Unf,SBrkr,,Attchd,RFn,TA,TA
429,None,Gd,TA,Mn,GLQ,Unf,SBrkr,TA,Attchd,Unf,TA,TA
430,BrkFace,TA,TA,No,ALQ,Unf,SBrkr,,Detchd,Unf,TA,TA
431,None,TA,TA,No,Unf,Unf,SBrkr,,,,,
432,BrkFace,TA,TA,No,ALQ,Unf,SBrkr,,Detchd,Unf,TA,TA
433,None,Gd,TA,No,Unf,Unf,SBrkr,TA,Attchd,Fin,TA,TA
434,None,Gd,TA,Av,ALQ,Unf,SBrkr,,,,,
435,None,Gd,TA,Av,GLQ,ALQ,SBrkr,TA,Attchd,RFn,TA,TA
436,None,Fa,TA,No,Unf,Unf,FuseA,,Detchd,Unf,TA,TA
437,None,TA,TA,No,Unf,Unf,SBrkr,,Detchd,Unf,TA,TA
438,None,TA,TA,No,LwQ,Unf,SBrkr,Gd,Detchd,Unf,Gd,TA
439,None,TA,Fa,Mn,Unf,Unf,SBrkr,,Detchd,Unf,TA,TA
440,Stone,Ex,TA,Gd,GLQ,ALQ,SBrkr,Gd,Attchd,Fin,TA,TA
441,BrkFace,TA,TA,No,ALQ,Unf,FuseF,,,,,
442,None,TA,TA,No,Unf,Unf,SBrkr,Gd,Detchd,Unf,TA,TA
443,BrkFace,Ex,TA,Av,Unf,Unf,SBrkr,Gd,Attchd,Fin,TA,TA
444,None,Gd,TA,No,GLQ,Unf,SBrkr,TA,Attchd,Unf,TA,TA
445,None,TA,TA,No,Unf,Unf,SBrkr,Gd,Attchd,Unf,TA,TA
446,None,TA,TA,No,ALQ,Rec,SBrkr,Gd,Attchd,Fin,TA,TA
447,None,Gd,TA,No,Unf,Unf,SBrkr,TA,Attchd,Fin,TA,TA
448,None,TA,TA,No,Unf,Unf,SBrkr,Gd,Detchd,Unf,TA,TA
449,None,TA,TA,No,ALQ,Unf,SBrkr,,Detchd,Unf,TA,TA
450,None,TA,TA,No,Unf,Unf,FuseA,,Detchd,Unf,Fa,Fa
451,None,Gd,TA,Gd,ALQ,Unf,SBrkr,TA,Attchd,Unf,TA,TA
452,BrkFace,Ex,TA,No,ALQ,Unf,SBrkr,,Attchd,Fin,TA,TA
453,None,Gd,TA,No,Unf,Unf,SBrkr,,Attchd,RFn,TA,TA
454,None,TA,TA,No,ALQ,Unf,SBrkr,,Detchd,Unf,TA,TA
455,BrkFace,TA,TA,No,ALQ,Unf,SBrkr,TA,Attchd,Unf,TA,TA
456,None,TA,TA,No,Unf,Unf,SBrkr,,Detchd,Unf,Fa,Fa
457,None,Gd,TA,Gd,BLQ,Unf,SBrkr,Gd,Attchd,Fin,TA,TA
458,None,TA,TA,No,Unf,Unf,SBrkr,Gd,Detchd,Unf,TA,TA
459,BrkCmn,TA,TA,No,LwQ,Unf,SBrkr,TA,Detchd,Unf,TA,TA
460,Stone,Gd,TA,No,GLQ,Unf,SBrkr,,BuiltIn,Fin,TA,TA
461,None,Gd,Gd,No,ALQ,BLQ,SBrkr,,Detchd,RFn,TA,TA
462,None,TA,TA,No,Rec,BLQ,SBrkr,Po,Detchd,Unf,TA,TA
463,None,TA,TA,No,LwQ,Unf,FuseA,Gd,Detchd,Unf,TA,TA
464,BrkFace,Gd,TA,No,Rec,Unf,SBrkr,,,,,
465,BrkFace,Gd,TA,No,Unf,Unf,SBrkr,TA,Attchd,Fin,TA,TA
466,None,TA,Gd,Gd,GLQ,Unf,SBrkr,Po,Attchd,Unf,TA,TA
467,Stone,TA,TA,No,LwQ,Unf,SBrkr,Gd,Attchd,Unf,TA,TA
468,Stone,Gd,TA,No,Unf,Unf,SBrkr,Gd,Attchd,RFn,TA,TA
469,BrkFace,Gd,TA,No,GLQ,Unf,SBrkr,,Attchd,RFn,TA,TA
470,None,Gd,TA,Av,GLQ,BLQ,SBrkr,,Attchd,RFn,TA,TA
471,None,Gd,TA,No,Unf,Unf,SBrkr,Gd,Attchd,RFn,TA,TA
472,BrkFace,Gd,TA,Gd,GLQ,Unf,SBrkr,,Basment,RFn,TA,TA
473,BrkFace,Ex,TA,Gd,GLQ,Unf,SBrkr,Ex,Attchd,RFn,TA,TA
474,None,Gd,TA,Av,GLQ,Unf,SBrkr,,Attchd,RFn,TA,TA
475,None,TA,TA,No,GLQ,Unf,SBrkr,,Detchd,Unf,TA,TA
476,BrkFace,Gd,TA,Gd,GLQ,Unf,SBrkr,TA,Attchd,Fin,TA,TA
477,BrkFace,Gd,TA,Av,Unf,Unf,SBrkr,Gd,BuiltIn,Fin,TA,TA
478,Stone,Ex,TA,Gd,GLQ,Unf,SBrkr,Gd,Attchd,RFn,TA,TA
479,BrkCmn,Fa,TA,No,Rec,Unf,SBrkr,,Detchd,Unf,TA,TA
480,BrkFace,Ex,TA,Gd,GLQ,Unf,SBrkr,Gd,Attchd,Fin,TA,TA
481,BrkFace,Ex,TA,Gd,GLQ,Unf,SBrkr,Gd,Attchd,Fin,TA,TA
482,None,TA,TA,No,ALQ,Unf,SBrkr,Gd,Attchd,Unf,Fa,Fa
483,BrkFace,Ex,TA,No,GLQ,Unf,SBrkr,,Attchd,Unf,TA,TA
484,None,TA,TA,No,ALQ,Unf,SBrkr,,Detchd,Unf,TA,TA
485,None,TA,TA,No,ALQ,Unf,SBrkr,Gd,Attchd,Unf,TA,TA
486,BrkFace,TA,TA,No,ALQ,Unf,SBrkr,,Attchd,RFn,TA,TA
487,None,Gd,TA,Av,ALQ,Unf,SBrkr,TA,Attchd,Unf,TA,TA
488,None,TA,Fa,No,BLQ,Unf,FuseA,Gd,Attchd,Unf,TA,Fa
489,None,Gd,TA,Av,GLQ,Unf,SBrkr,,Attchd,Unf,TA,TA
490,None,Gd,TA,Mn,Unf,Unf,SBrkr,Gd,BuiltIn,Fin,TA,TA
491,None,TA,TA,No,BLQ,Rec,FuseA,TA,Attchd,Unf,TA,TA
492,None,Gd,TA,No,Unf,Unf,SBrkr,,Attchd,RFn,TA,TA
493,None,TA,TA,No,BLQ,LwQ,FuseA,Fa,Detchd,Unf,TA,TA
494,None,Fa,TA,No,Unf,Unf,FuseA,,Attchd,Unf,TA,TA
495,None,TA,TA,No,Rec,Unf,FuseA,,,,,
496,None,Gd,TA,No,GLQ,Unf,SBrkr,Gd,Attchd,RFn,TA,TA
497,None,TA,TA,No,Rec,Unf,SBrkr,,Detchd,Unf,TA,TA
498,BrkFace,TA,TA,No,ALQ,Unf,SBrkr,,Attchd,Fin,TA,TA
499,None,TA,TA,No,BLQ,LwQ,SBrkr,,Attchd,Fin,TA,TA
500,BrkFace,TA,TA,No,BLQ,Unf,SBrkr,,Detchd,Unf,TA,TA
501,None,Gd,TA,No,GLQ,Unf,SBrkr,,Attchd,RFn,TA,TA
502,None,TA,TA,No,ALQ,GLQ,SBrkr,,Detchd,Unf,Fa,Fa
503,None,TA,TA,No,ALQ,Unf,SBrkr,TA,Attchd,Fin,TA,TA
504,None,TA,TA,No,ALQ,Rec,SBrkr,Fa,Attchd,Unf,TA,TA
505,BrkFace,TA,TA,No,Unf,Unf,SBrkr,,Detchd,Unf,TA,TA
506,BrkFace,Gd,TA,No,GLQ,Unf,SBrkr,TA,Attchd,RFn,TA,TA
507,None,Gd,TA,No,GLQ,Unf,SBrkr,,Attchd,Fin,TA,TA
508,None,TA,TA,No,Rec,Unf,SBrkr,Gd,Detchd,Unf,TA,TA
509,BrkFace,TA,TA,No,ALQ,Unf,SBrkr,,Attchd,RFn,TA,TA
510,BrkCmn,TA,TA,No,BLQ,Rec,SBrkr,TA,CarPort,Unf,TA,TA
511,Stone,Gd,TA,No,Unf,Unf,SBrkr,Gd,Attchd,RFn,TA,TA
512,None,TA,TA,No,BLQ,LwQ,SBrkr,,Detchd,Unf,TA,TA
513,None,TA,TA,No,ALQ,Unf,SBrkr,,Attchd,Unf,TA,TA
514,None,TA,TA,No,Unf,Unf,SBrkr,,Detchd,Unf,Po,Po
515,BrkFace,Ex,TA,No,GLQ,Unf,SBrkr,Gd,Attchd,Fin,TA,TA
516,BrkFace,TA,TA,No,Unf,Unf,SBrkr,TA,Attchd,RFn,TA,TA
517,BrkFace,Gd,TA,No,Unf,Unf,SBrkr,TA,Attchd,RFn,TA,TA
518,None,Gd,TA,Mn,GLQ,Unf,SBrkr,,Attchd,RFn,TA,TA
519,None,Gd,TA,No,Unf,Unf,SBrkr,Gd,Detchd,Unf,TA,TA
520,None,,,,,,FuseA,,,,,
521,None,TA,TA,No,Rec,Unf,FuseA,Gd,Attchd,Unf,TA,TA
522,None,TA,TA,No,ALQ,Unf,SBrkr,Gd,Detchd,Unf,TA,TA
523,Stone,Ex,TA,Gd,GLQ,Unf,SBrkr,Gd,BuiltIn,Fin,TA,TA
524,BrkFace,Gd,TA,No,GLQ,Unf,SBrkr,TA,Attchd,Fin,TA,TA
525,None,Gd,TA,No,Unf,Unf,SBrkr,TA,Attchd,Unf,TA,TA
526,None,Gd,TA,No,Rec,Unf,SBrkr,,Attchd,Unf,TA,TA
527,Stone,Ex,TA,Av,GLQ,Unf,SBrkr,Gd,Attchd,Fin,TA,TA
528,None,TA,TA,Mn,ALQ,Unf,SBrkr,,,,,
529,,TA,TA,No,Rec,Unf,SBrkr,TA,Attchd,RFn,TA,TA
530,BrkFace,Gd,TA,Av,GLQ,Unf,SBrkr,Fa,Attchd,RFn,TA,TA
531,None,Fa,Fa,Mn,Unf,Unf,SBrkr,,Detchd,Fin,TA,Fa
532,None,,,,,,SBrkr,Po,Detchd,Unf,TA,TA
533,None,,,,,,FuseF,,,,,
534,None,Ex,Gd,Av,Unf,Unf,SBrkr,Gd,Attchd,Fin,TA,TA
535,None,Gd,TA,Gd,GLQ,Unf,SBrkr,,,,,
536,None,Gd,TA,Av,Unf,Unf,SBrkr,,Attchd,Fin,TA,TA
537,None,TA,TA,No,BLQ,Unf,SBrkr,,Detchd,Unf,TA,TA
538,BrkFace,TA,TA,No,BLQ,Unf,SBrkr,Fa,Attchd,Unf,TA,TA
539,BrkFace,Gd,TA,Av,GLQ,Unf,SBrkr,TA,Attchd,RFn,TA,TA
540,BrkFace,Ex,TA,Av,GLQ,Unf,SBrkr,Gd,Attchd,Fin,TA,TA
541,BrkFace,Gd,TA,No,Unf,Unf,SBrkr,TA,BuiltIn,Fin,TA,TA
542,None,Ex,TA,No,LwQ,GLQ,SBrkr,TA,Attchd,Fin,TA,TA
543,BrkFace,Gd,TA,Av,GLQ,LwQ,SBrkr,,Attchd,Fin,TA,TA
544,None,Gd,Gd,Av,GLQ,Unf,SBrkr,Gd,Attchd,RFn,TA,TA
545,BrkFace,Gd,Gd,No,GLQ,LwQ,SBrkr,,Attchd,Unf,TA,TA
546,None,Gd,TA,No,Rec,Unf,FuseA,Gd,Detchd,Unf,TA,TA
547,None,Gd,TA,Av,ALQ,Unf,SBrkr,,Detchd,Unf,TA,TA
548,None,TA,TA,No,LwQ,Rec,SBrkr,,Detchd,RFn,TA,TA
549,None,Gd,TA,No,Unf,Unf,SBrkr,Gd,BuiltIn,Fin,TA,TA
550,None,Gd,TA,No,ALQ,Unf,SBrkr,,Attchd,RFn,TA,TA
551,None,TA,TA,No,Rec,Unf,FuseA,,Attchd,Fin,TA,TA
552,Stone,Ex,TA,Av,Unf,Unf,SBrkr,Gd,Attchd,RFn,TA,TA
553,None,,,,,,SBrkr,,Detchd,Fin,TA,TA
554,BrkFace,Gd,TA,No,GLQ,Unf,SBrkr,Gd,BuiltIn,RFn,TA,TA
555,None,TA,Fa,No,Unf,Unf,FuseA,Gd,Detchd,Unf,TA,TA
556,None,TA,TA,No,Rec,Unf,FuseA,TA,Attchd,Fin,TA,TA
557,None,TA,TA,No,Rec,Unf,SBrkr,,CarPort,Unf,TA,TA
558,None,Gd,TA,Gd,GLQ,Unf,SBrkr,TA,Attchd,Unf,TA,TA
559,BrkFace,Gd,TA,Gd,Unf,Unf,SBrkr,TA,Attchd,Fin,TA,TA
560,BrkFace,Gd,TA,No,ALQ,Unf,SBrkr,Gd,Detchd,Unf,TA,TA
561,None,Gd,TA,Av,ALQ,LwQ,SBrkr,TA,Attchd,RFn,TA,TA
562,None,TA,TA,No,BLQ,Unf,SBrkr,Gd,,,,
563,None,Gd,TA,Mn,Unf,Unf,SBrkr,Gd,Detchd,Fin,TA,TA
564,None,Gd,TA,No,GLQ,Unf,SBrkr,TA,Attchd,RFn,TA,TA
565,None,Gd,TA,No,Unf,Unf,FuseF,,Detchd,Unf,TA,TA
566,BrkFace,Gd,Gd,No,Unf,Unf,SBrkr,Gd,BuiltIn,Fin,TA,TA
567,BrkFace,Gd,TA,No,GLQ,Unf,SBrkr,,Attchd,RFn,TA,TA
568,None,Gd,TA,Gd,GLQ,Unf,SBrkr,Gd,BuiltIn,Fin,Gd,TA
569,None,Gd,TA,Gd,GLQ,Unf,SBrkr,TA,Detchd,Unf,TA,TA
570,BrkFace,TA,TA,No,LwQ,Unf,SBrkr,,Detchd,Unf,TA,TA
571,BrkFace,TA,TA,No,BLQ,Unf,SBrkr,,Attchd,Unf,TA,TA
572,None,Ex,TA,Av,Unf,Unf,SBrkr,,Attchd,RFn,TA,TA
573,None,Gd,TA,No,Unf,Unf,SBrkr,TA,BuiltIn,RFn,TA,TA
574,BrkFace,TA,TA,Av,ALQ,Unf,SBrkr,,BuiltIn,Unf,TA,TA
575,None,TA,TA,No,Rec,Unf,SBrkr,,Detchd,Unf,TA,TA
576,None,TA,TA,No,Unf,Unf,SBrkr,Gd,Detchd,Unf,TA,TA
577,BrkFace,TA,TA,Av,LwQ,ALQ,SBrkr,Fa,Attchd,RFn,TA,TA
578,None,Gd,TA,No,Unf,Unf,SBrkr,,Detchd,Unf,TA,TA
579,BrkFace,TA,TA,No,Unf,Unf,FuseF,,Attchd,Unf,Fa,TA
580,BrkFace,TA,TA,No,BLQ,Rec,SBrkr,Gd,Attchd,Unf,TA,TA
581,BrkFace,Ex,TA,No,Unf,Unf,SBrkr,Gd,Attchd,RFn,TA,TA
582,BrkFace,Gd,TA,Av,GLQ,Unf,SBrkr,,,,,
583,None,TA,TA,No,Unf,Unf,SBrkr,Gd,Detchd,Unf,Gd,TA
584,None,TA,TA,No,Unf,Unf,SBrkr,,Detchd,Unf,TA,TA
585,BrkFace,Ex,TA,Gd,GLQ,Unf,SBrkr,Gd,Attchd,RFn,TA,TA
586,None,TA,Gd,Mn,Rec,ALQ,SBrkr,,Detchd,Fin,TA,TA
587,None,TA,TA,Av,ALQ,Unf,SBrkr,,Detchd,Unf,TA,TA
588,None,TA,TA,Gd,GLQ,Unf,SBrkr,Gd,Attchd,Unf,TA,TA
589,None,TA,TA,No,Unf,Unf,FuseA,,Detchd,Unf,TA,TA
590,None,Gd,TA,No,GLQ,Unf,SBrkr,,Attchd,RFn,TA,TA
591,Stone,Ex,TA,Gd,GLQ,Unf,SBrkr,Gd,BuiltIn,RFn,TA,TA
592,None,TA,Gd,No,GLQ,Unf,SBrkr,,Detchd,Fin,TA,TA
593,BrkFace,Gd,TA,Av,GLQ,Unf,SBrkr,,Attchd,Fin,TA,TA
594,None,Gd,TA,No,Unf,Unf,SBrkr,,Detchd,Unf,TA,TA
595,BrkFace,Gd,TA,Gd,GLQ,Unf,SBrkr,TA,Attchd,Fin,TA,TA
596,None,TA,TA,No,Unf,Unf,FuseA,,Detchd,Unf,TA,Fa
597,BrkFace,Ex,TA,Av,Unf,Unf,SBrkr,Gd,Attchd,Fin,TA,TA
598,BrkFace,Gd,TA,Mn,ALQ,LwQ,SBrkr,TA,Attchd,Fin,TA,TA
599,None,Gd,TA,No,LwQ,GLQ,SBrkr,TA,Attchd,Fin,TA,TA
600,BrkFace,Gd,TA,Av,GLQ,Unf,SBrkr,Gd,BuiltIn,Fin,TA,TA
601,None,TA,TA,No,Unf,Unf,SBrkr,Gd,Detchd,Unf,TA,TA
602,None,Gd,TA,Mn,GLQ,Unf,SBrkr,TA,Attchd,Fin,TA,TA
603,None,Gd,TA,No,Unf,Unf,SBrkr,,Detchd,RFn,TA,TA
604,BrkFace,Gd,TA,Mn,GLQ,Unf,SBrkr,TA,Attchd,RFn,TA,TA
605,BrkFace,TA,TA,No,BLQ,Unf,SBrkr,Fa,Attchd,Unf,TA,TA
606,None,Gd,TA,No,GLQ,Unf,SBrkr,,Detchd,Unf,TA,TA
607,None,TA,Gd,No,GLQ,Unf,SBrkr,,Attchd,Unf,TA,TA
608,None,Gd,TA,Mn,BLQ,Unf,SBrkr,Gd,Basment,Unf,TA,TA
609,BrkCmn,TA,TA,Mn,Rec,Unf,SBrkr,,Attchd,Unf,TA,TA
610,BrkFace,Ex,TA,Mn,GLQ,Unf,SBrkr,Ex,Attchd,Fin,TA,TA
611,BrkFace,Gd,TA,Av,ALQ,Unf,SBrkr,TA,Attchd,Unf,TA,TA
612,BrkFace,Gd,TA,Av,GLQ,Unf,SBrkr,TA,BuiltIn,RFn,TA,TA
613,None,Gd,TA,No,ALQ,Unf,SBrkr,,,,,
614,None,Gd,TA,Av,LwQ,GLQ,SBrkr,,,,,
615,BrkFace,TA,TA,Gd,GLQ,Unf,SBrkr,,Attchd,RFn,TA,TA
616,None,Gd,TA,No,GLQ,Unf,SBrkr,Gd,Attchd,Fin,TA,TA
617,None,TA,TA,No,Unf,Unf,SBrkr,,Detchd,Unf,TA,TA
618,BrkFace,Ex,TA,Av,GLQ,Unf,SBrkr,Gd,Attchd,Unf,TA,TA
619,Stone,Gd,TA,Gd,GLQ,Unf,SBrkr,Gd,Attchd,Fin,TA,TA
620,None,TA,TA,No,BLQ,Unf,FuseF,,,,,
621,None,TA,TA,No,ALQ,Rec,SBrkr,TA,Attchd,RFn,TA,TA
622,BrkFace,TA,TA,No,BLQ,Unf,SBrkr,,Detchd,Unf,TA,TA
623,BrkFace,Gd,TA,No,GLQ,Unf,SBrkr,TA,Detchd,Unf,TA,TA
624,None,TA,TA,No,Rec,Unf,SBrkr,TA,Attchd,RFn,TA,TA
625,BrkFace,TA,TA,No,Unf,Unf,SBrkr,,Attchd,Unf,TA,TA
626,None,TA,TA,No,Unf,Unf,SBrkr,TA,Attchd,RFn,TA,TA
627,BrkFace,TA,TA,Av,BLQ,LwQ,SBrkr,Gd,Basment,RFn,TA,TA
628,BrkFace,Gd,TA,Av,Rec,Unf,SBrkr,TA,Attchd,Unf,TA,TA
629,BrkFace,TA,TA,Gd,GLQ,Rec,SBrkr,,Attchd,RFn,TA,TA
630,None,Fa,Fa,No,Unf,Unf,FuseA,,Detchd,Unf,Fa,Po
631,Stone,Gd,Gd,Mn,GLQ,Unf,SBrkr,Gd,Attchd,RFn,TA,TA
632,BrkFace,TA,TA,No,ALQ,Unf,SBrkr,TA,Attchd,Fin,TA,TA
633,None,TA,TA,No,BLQ,LwQ,SBrkr,,Attchd,Unf,TA,TA
634,None,TA,TA,No,GLQ,Unf,SBrkr,,Detchd,Unf,TA,TA
635,None,TA,Fa,No,LwQ,Unf,FuseA,,,,,
636,None,TA,Fa,No,Unf,Unf,FuseA,Po,,,,
637,None,TA,TA,No,Unf,Unf,FuseA,,BuiltIn,Unf,TA,TA
638,None,Fa,TA,No,Unf,Unf,FuseA,,,,,
639,None,Gd,Gd,Av,GLQ,Unf,SBrkr,Gd,Attchd,Fin,TA,TA
640,BrkFace,Ex,TA,Gd,GLQ,Unf,SBrkr,Gd,Attchd,RFn,TA,TA
641,None,Gd,TA,No,GLQ,Unf,SBrkr,TA,Attchd,Fin,TA,TA
642,None,Gd,TA,Gd,GLQ,Unf,SBrkr,TA,Attchd,Fin,TA,TA
643,BrkFace,TA,TA,No,Rec,BLQ,SBrkr,,Attchd,Fin,TA,TA
644,Stone,Ex,TA,Mn,GLQ,Unf,SBrkr,Gd,Attchd,Fin,TA,TA
645,None,TA,TA,No,ALQ,LwQ,SBrkr,,Detchd,Unf,TA,TA
646,None,,,,,,SBrkr,,Detchd,Unf,TA,TA
647,Stone,TA,TA,Mn,Rec,Unf,SBrkr,Gd,Attchd,RFn,TA,TA
648,BrkFace,TA,TA,No,Unf,Unf,SBrkr,TA,Attchd,Unf,TA,TA
649,None,Gd,TA,Av,BLQ,GLQ,SBrkr,,,,,
650,,Gd,TA,No,Unf,Unf,SBrkr,,Attchd,RFn,TA,TA
651,None,TA,TA,Mn,Unf,Unf,SBrkr,Gd,Detchd,Unf,Fa,Po
652,None,Gd,TA,No,Unf,Unf,SBrkr,TA,Attchd,RFn,TA,TA
653,None,TA,TA,No,Unf,Unf,SBrkr,,Detchd,Unf,TA,TA
654,BrkFace,Gd,TA,Gd,GLQ,Unf,SBrkr,TA,Attchd,Fin,TA,TA
655,BrkFace,TA,TA,No,Unf,Unf,SBrkr,,Detchd,Unf,TA,TA
656,BrkFace,TA,TA,No,ALQ,Unf,SBrkr,,Attchd,RFn,TA,TA
657,None,Gd,TA,No,Unf,Unf,SBrkr,Gd,Attchd,RFn,TA,TA
658,None,TA,TA,No,Unf,Unf,SBrkr,Gd,Attchd,Unf,TA,TA
659,None,TA,TA,No,BLQ,Unf,SBrkr,,Detchd,Fin,TA,TA
660,BrkFace,Gd,TA,No,Unf,Unf,SBrkr,TA,Attchd,RFn,TA,TA
661,BrkFace,Gd,Gd,No,GLQ,Rec,SBrkr,TA,Attchd,RFn,TA,TA
662,BrkFace,Fa,Fa,No,Unf,Unf,SBrkr,TA,Attchd,RFn,TA,TA
663,None,Gd,TA,Av,BLQ,Rec,SBrkr,,Detchd,RFn,TA,TA
664,None,Ex,TA,Mn,GLQ,Unf,SBrkr,Ex,Attchd,Fin,TA,TA
665,BrkFace,Gd,TA,No,Unf,Unf,SBrkr,TA,Attchd,RFn,TA,TA
666,BrkCmn,Gd,TA,No,LwQ,Rec,SBrkr,Po,CarPort,Unf,TA,TA
667,BrkFace,Gd,TA,No,GLQ,Unf,SBrkr,Fa,Attchd,RFn,TA,TA
668,None,TA,TA,No,Rec,Unf,SBrkr,TA,Detchd,Unf,TA,TA
669,None,Fa,TA,No,Unf,Unf,SBrkr,Gd,Detchd,Unf,TA,Fa
670,None,Gd,TA,No,GLQ,Unf,SBrkr,,Attchd,Fin,TA,TA
671,None,TA,TA,No,BLQ,Unf,SBrkr,,Detchd,Unf,TA,TA
672,None,Gd,TA,No,ALQ,Unf,SBrkr,TA,Attchd,RFn,TA,TA
673,BrkFace,TA,TA,No,GLQ,Unf,SBrkr,TA,Attchd,Fin,TA,TA
674,None,TA,TA,No,Rec,Unf,SBrkr,Gd,Attchd,RFn,TA,TA
675,None,TA,TA,No,ALQ,Unf,SBrkr,TA,Attchd,Unf,TA,TA
676,None,TA,Fa,No,Unf,Unf,SBrkr,,2Types,Unf,Fa,Fa
677,None,TA,TA,No,Unf,Unf,SBrkr,,Detchd,Unf,Fa,Fa
678,Stone,Ex,TA,Mn,Unf,Unf,SBrkr,Gd,Attchd,Fin,TA,TA
679,BrkFace,TA,TA,No,Rec,Unf,SBrkr,,Detchd,Unf,TA,TA
680,None,Gd,TA,No,BLQ,BLQ,SBrkr,TA,Attchd,RFn,TA,TA
681,None,TA,TA,No,Rec,Unf,SBrkr,,Detchd,Unf,TA,TA
682,None,Gd,TA,Mn,GLQ,Unf,SBrkr,Gd,Attchd,Unf,TA,TA
683,Stone,Gd,TA,Av,GLQ,Unf,SBrkr,TA,Attchd,Fin,TA,TA
684,BrkFace,Gd,TA,No,Unf,Unf,SBrkr,,Attchd,Fin,TA,TA
685,None,Gd,TA,Mn,GLQ,LwQ,SBrkr,TA,Attchd,Fin,TA,TA
686,None,Gd,TA,No,Unf,Unf,SBrkr,,Attchd,Fin,TA,TA
687,None,Gd,TA,No,GLQ,Unf,SBrkr,,Detchd,Unf,TA,TA
688,BrkFace,Gd,TA,Av,GLQ,Unf,SBrkr,Gd,Attchd,RFn,TA,TA
689,Stone,Gd,TA,Av,ALQ,Unf,SBrkr,Gd,Attchd,RFn,TA,TA
690,BrkFace,Gd,TA,Gd,GLQ,Unf,SBrkr,TA,Attchd,RFn,TA,TA
691,BrkFace,Ex,TA,Gd,GLQ,Unf,SBrkr,Ex,Attchd,Fin,TA,TA
692,BrkFace,Gd,TA,Gd,GLQ,Unf,SBrkr,Gd,Attchd,RFn,TA,TA
693,None,TA,TA,No,Unf,Unf,SBrkr,,Detchd,Unf,TA,TA
694,None,TA,TA,No,Unf,Unf,SBrkr,,Detchd,Unf,TA,TA
695,BrkFace,Gd,Gd,No,GLQ,LwQ,SBrkr,TA,Attchd,Unf,TA,TA
696,None,TA,TA,No,LwQ,Unf,SBrkr,,Detchd,Unf,TA,TA
697,None,Ex,Gd,Mn,LwQ,ALQ,FuseA,,Detchd,Unf,TA,TA
698,None,TA,TA,No,GLQ,BLQ,SBrkr,Gd,Detchd,Unf,TA,TA
699,None,Gd,TA,Mn,GLQ,Unf,SBrkr,,Attchd,RFn,TA,TA
700,BrkFace,Ex,TA,Gd,GLQ,Unf,SBrkr,Gd,Attchd,Fin,TA,TA
701,BrkFace,TA,TA,No,Unf,Unf,SBrkr,,Attchd,Unf,TA,TA
702,BrkFace,Ex,Gd,No,Unf,Unf,SBrkr,Gd,BuiltIn,Fin,TA,TA
703,None,Gd,TA,No,Unf,Unf,SBrkr,Po,Detchd,Unf,TA,TA
704,BrkFace,Gd,TA,Av,GLQ,Unf,SBrkr,,Attchd,RFn,TA,TA
705,None,,,,,,SBrkr,,,,,
706,Stone,Gd,TA,Gd,GLQ,Unf,SBrkr,TA,Attchd,Unf,TA,TA
707,BrkFace,Gd,TA,No,GLQ,Unf,SBrkr,Gd,Attchd,Fin,TA,TA
708,None,Gd,TA,Av,Unf,Unf,SBrkr,Gd,Attchd,Fin,TA,TA
709,BrkCmn,TA,TA,No,Unf,Unf,SBrkr,,Attchd,Unf,TA,TA
710,None,TA,TA,No,Unf,Unf,SBrkr,,,,,
711,None,TA,TA,Mn,Unf,Unf,SBrkr,,Detchd,RFn,TA,TA
712,None,Gd,TA,Mn,GLQ,Unf,SBrkr,Gd,Attchd,Fin,TA,TA
713,BrkFace,TA,TA,Av,ALQ,Unf,SBrkr,,Detchd,Unf,TA,TA
714,BrkFace,TA,TA,No,GLQ,Unf,SBrkr,,Attchd,RFn,TA,TA
715,BrkFace,Gd,TA,No,Unf,Unf,SBrkr,TA,Attchd,RFn,TA,TA
716,None,TA,TA,No,Unf,Unf,SBrkr,,Detchd,Unf,TA,TA
717,None,Gd,TA,No,BLQ,Unf,SBrkr,Fa,Attchd,Unf,TA,TA
718,BrkFace,Gd,TA,Gd,GLQ,Unf,SBrkr,TA,Attchd,RFn,TA,TA
719,None,Gd,TA,Gd,ALQ,Unf,SBrkr,Po,Attchd,Unf,TA,TA
720,None,Gd,TA,Gd,GLQ,Unf,SBrkr,TA,Attchd,RFn,TA,TA
721,BrkFace,Gd,TA,Av,GLQ,Unf,SBrkr,,Attchd,RFn,TA,TA
722,None,TA,TA,No,ALQ,Unf,SBrkr,,Detchd,Unf,TA,TA
723,None,TA,TA,No,Unf,Unf,SBrkr,,Detchd,Unf,TA,TA
724,Stone,Ex,TA,No,GLQ,Unf,SBrkr,Gd,Attchd,Fin,TA,TA
725,None,TA,TA,No,ALQ,BLQ,SBrkr,,Detchd,Unf,TA,TA
726,BrkFace,Gd,TA,No,GLQ,Unf,SBrkr,Gd,Attchd,Fin,TA,TA
727,Stone,Gd,TA,Av,GLQ,Unf,SBrkr,,Attchd,RFn,TA,TA
728,BrkFace,TA,TA,No,Unf,Unf,SBrkr,,Detchd,Unf,TA,TA
729,None,TA,TA,No,BLQ,Unf,FuseA,,Detchd,Unf,TA,TA
730,None,Gd,TA,No,GLQ,Unf,SBrkr,TA,Attchd,RFn,TA,TA
731,BrkFace,Ex,TA,Av,GLQ,Unf,SBrkr,Gd,Attchd,Fin,TA,TA
732,BrkFace,Gd,TA,Av,ALQ,Unf,SBrkr,TA,Attchd,Fin,TA,TA
733,None,TA,TA,No,BLQ,Unf,SBrkr,TA,Attchd,RFn,TA,TA
734,None,TA,TA,No,Unf,Unf,SBrkr,,Attchd,Unf,TA,TA
735,None,Gd,TA,Mn,Rec,Unf,SBrkr,TA,Detchd,Unf,TA,TA
736,None,,,,,,FuseF,,Detchd,Unf,TA,TA
737,None,Gd,TA,No,Unf,Unf,SBrkr,Gd,Attchd,Fin,TA,TA
738,None,Gd,Gd,Gd,GLQ,Unf,SBrkr,,,,,
739,None,Gd,TA,No,Unf,Unf,SBrkr,,Attchd,RFn,TA,TA
740,None,Fa,Fa,No,Unf,Unf,SBrkr,,Detchd,Unf,TA,Gd
741,None,TA,TA,Mn,GLQ,Unf,SBrkr,,Detchd,Unf,TA,TA
742,BrkFace,Gd,TA,No,Unf,Unf,SBrkr,,Attchd,Unf,TA,TA
743,None,Gd,TA,Av,ALQ,Unf,SBrkr,TA,Attchd,RFn,TA,TA
744,None,Gd,TA,No,GLQ,Unf,SBrkr,TA,Attchd,RFn,TA,TA
745,BrkFace,TA,Gd,No,GLQ,ALQ,SBrkr,TA,BuiltIn,Fin,TA,TA
746,None,Gd,TA,No,GLQ,Unf,SBrkr,TA,BuiltIn,Fin,TA,TA
747,None,TA,Fa,No,Unf,Unf,SBrkr,Gd,Detchd,Unf,TA,TA
748,BrkFace,Gd,TA,No,GLQ,Unf,SBrkr,TA,Attchd,Fin,TA,TA
749,None,,,,,,FuseF,,Detchd,Unf,TA,TA
750,None,TA,Fa,No,Unf,Unf,SBrkr,,,,,
751,None,Gd,TA,No,Unf,Unf,SBrkr,,Attchd,Fin,TA,TA
752,None,Gd,TA,Gd,GLQ,Unf,SBrkr,,Attchd,RFn,TA,TA
753,BrkFace,Gd,TA,Mn,Unf,Unf,SBrkr,Gd,Attchd,RFn,TA,TA
754,None,TA,TA,No,GLQ,LwQ,SBrkr,,Detchd,RFn,TA,TA
755,BrkFace,Gd,TA,No,GLQ,Unf,SBrkr,,Detchd,Unf,TA,TA
756,None,Gd,TA,Av,GLQ,Unf,SBrkr,,Attchd,RFn,TA,TA
757,BrkCmn,TA,TA,Mn,Rec,Unf,SBrkr,TA,Attchd,Fin,TA,TA
758,BrkFace,Gd,TA,No,ALQ,Unf,SBrkr,,Detchd,Unf,TA,TA
759,BrkFace,Gd,TA,Av,LwQ,ALQ,SBrkr,TA,Attchd,RFn,TA,TA
760,None,TA,TA,No,Rec,Unf,SBrkr,,Detchd,Unf,Ex,Ex
761,None,TA,TA,Mn,LwQ,Unf,SBrkr,,Detchd,Unf,TA,TA
762,None,Gd,TA,Mn,GLQ,Unf,SBrkr,,Attchd,Unf,TA,TA
763,BrkFace,Gd,TA,Mn,GLQ,Unf,SBrkr,Gd,Attchd,RFn,TA,TA
764,None,Gd,Gd,Av,LwQ,GLQ,SBrkr,Gd,Attchd,Fin,TA,TA
765,Stone,Gd,TA,No,Unf,Unf,SBrkr,Gd,Attchd,Fin,TA,TA
766,BrkFace,Gd,TA,No,GLQ,Unf,SBrkr,TA,Attchd,Unf,TA,TA
767,None,Gd,TA,Mn,ALQ,Unf,SBrkr,,Attchd,Unf,TA,TA
768,None,Gd,TA,No,GLQ,Unf,SBrkr,Gd,Attchd,Fin,TA,TA
769,BrkFace,Gd,TA,Gd,ALQ,Unf,SBrkr,Gd,BuiltIn,Fin,TA,TA
770,None,Gd,TA,Av,GLQ,Unf,SBrkr,,Detchd,Unf,TA,TA
771,None,Fa,Fa,No,LwQ,Unf,FuseF,,Detchd,Unf,TA,TA
772,None,TA,TA,Av,ALQ,BLQ,SBrkr,TA,Detchd,Unf,TA,TA
773,None,TA,TA,No,Rec,Unf,FuseA,,Attchd,RFn,TA,TA
774,BrkFace,Gd,TA,Av,Unf,Unf,SBrkr,Gd,Attchd,Fin,TA,TA
775,BrkFace,Ex,TA,No,GLQ,Unf,SBrkr,,Attchd,Fin,TA,TA
776,BrkFace,Gd,TA,Av,GLQ,Unf,SBrkr,,Attchd,RFn,TA,TA
777,None,TA,TA,No,ALQ,Unf,SBrkr,Fa,Attchd,Unf,TA,TA
778,BrkFace,,,,,,SBrkr,TA,Detchd,Unf,TA,TA
779,BrkFace,Gd,TA,Gd,GLQ,Unf,SBrkr,,Attchd,Unf,TA,TA
780,BrkFace,Gd,Gd,No,Unf,Unf,SBrkr,TA,Attchd,Fin,TA,TA
781,None,Gd,TA,No,ALQ,Unf,SBrkr,,Attchd,RFn,TA,TA
782,None,Gd,TA,No,Unf,Unf,SBrkr,,Attchd,RFn,TA,TA
783,BrkFace,Gd,TA,Av,GLQ,Unf,SBrkr,TA,Attchd,Fin,TA,TA
784,None,TA,TA,No,Unf,Unf,SBrkr,Gd,,,,
785,None,TA,TA,No,Rec,LwQ,SBrkr,Gd,Attchd,Unf,TA,TA
786,None,Fa,TA,No,LwQ,Unf,SBrkr,,Detchd,Unf,TA,TA
787,None,Gd,TA,No,GLQ,Unf,SBrkr,,BuiltIn,RFn,TA,TA
788,None,TA,TA,No,Unf,Unf,SBrkr,,Detchd,Unf,Fa,TA
789,BrkFace,TA,Fa,Gd,LwQ,Unf,SBrkr,,Attchd,Fin,TA,TA
790,BrkFace,Gd,TA,No,GLQ,Unf,SBrkr,Gd,Attchd,Fin,TA,TA
791,None,Gd,TA,Av,ALQ,Unf,SBrkr,TA,Attchd,RFn,TA,TA
792,None,Gd,TA,Av,GLQ,Unf,SBrkr,TA,Attchd,Unf,TA,TA
793,Stone,Gd,TA,Av,Unf,Unf,SBrkr,,Attchd,Fin,TA,TA
794,None,Gd,TA,No,Unf,Unf,SBrkr,TA,Attchd,Fin,TA,TA
795,BrkFace,Gd,TA,No,Unf,Unf,SBrkr,TA,Attchd,Unf,TA,TA
796,BrkFace,TA,TA,No,Unf,Unf,SBrkr,TA,Attchd,RFn,TA,TA
797,None,TA,TA,No,BLQ,Unf,SBrkr,,Attchd,Unf,TA,TA
798,Stone,Ex,TA,No,Unf,Unf,SBrkr,Gd,BuiltIn,Fin,TA,TA
799,BrkFace,Gd,TA,No,ALQ,Unf,SBrkr,TA,Detchd,Unf,TA,TA
800,None,Gd,TA,Gd,GLQ,Unf,SBrkr,,Attchd,RFn,TA,TA
801,None,TA,TA,No,LwQ,Unf,FuseA,,Detchd,Unf,TA,TA
802,None,Gd,TA,Av,GLQ,Unf,SBrkr,Gd,Attchd,Fin,TA,TA
803,Stone,Ex,TA,Gd,Unf,Unf,SBrkr,Gd,BuiltIn,RFn,TA,TA
804,None,TA,TA,No,LwQ,Unf,SBrkr,,Attchd,Unf,TA,TA
805,Stone,Gd,TA,No,Unf,Unf,SBrkr,,Attchd,RFn,TA,TA
806,None,TA,TA,Av,ALQ,Rec,SBrkr,,Attchd,Fin,TA,TA
807,None,TA,TA,Gd,GLQ,Unf,SBrkr,TA,Attchd,RFn,TA,TA
808,BrkFace,TA,TA,Av,ALQ,BLQ,SBrkr,Gd,Attchd,RFn,TA,TA
809,None,TA,TA,No,Unf,Unf,FuseA,,Detchd,Unf,Fa,Po
810,BrkFace,TA,TA,No,ALQ,LwQ,SBrkr,Fa,Attchd,RFn,TA,TA
811,BrkFace,Gd,TA,Gd,GLQ,Unf,SBrkr,Gd,Attchd,Fin,TA,TA
812,None,TA,TA,Av,Unf,Unf,FuseA,,Basment,Unf,TA,TA
813,BrkFace,TA,TA,No,Rec,Unf,SBrkr,,Attchd,RFn,TA,TA
814,None,TA,TA,No,Unf,Unf,SBrkr,,Detchd,Unf,TA,TA
815,BrkFace,Gd,TA,No,Unf,Unf,SBrkr,,Attchd,RFn,TA,TA
816,None,TA,TA,No,BLQ,Unf,SBrkr,Gd,Attchd,RFn,TA,TA
817,BrkFace,Gd,TA,No,GLQ,Unf,SBrkr,Gd,Attchd,RFn,TA,TA
818,BrkFace,TA,TA,Av,GLQ,Unf,SBrkr,,Attchd,Unf,TA,TA
819,Stone,Gd,TA,Mn,GLQ,Unf,SBrkr,Gd,Attchd,RFn,TA,TA
820,None,Gd,TA,No,Unf,Unf,SBrkr,,Attchd,RFn,TA,TA
821,None,Fa,TA,No,Unf,Unf,SBrkr,,Detchd,Unf,TA,TA
822,None,Gd,TA,Gd,Unf,Unf,SBrkr,Gd,BuiltIn,Fin,TA,TA
823,None,TA,TA,No,Unf,Unf,SBrkr,Gd,Detchd,Unf,TA,TA
824,None,Gd,Gd,No,Unf,Unf,SBrkr,Gd,Attchd,RFn,TA,TA
825,BrkFace,Ex,TA,Av,GLQ,Unf,SBrkr,Gd,Attchd,Fin,TA,TA
826,None,TA,TA,No,ALQ,Unf,SBrkr,,,,,
827,None,Gd,TA,No,GLQ,Unf,SBrkr,TA,Attchd,RFn,TA,TA
828,None,TA,Gd,Gd,LwQ,ALQ,SBrkr,,Attchd,Fin,TA,TA
829,None,Gd,TA,No,Unf,Unf,SBrkr,,Detchd,RFn,TA,TA
830,BrkFace,TA,TA,No,Rec,Unf,FuseA,Gd,Attchd,RFn,TA,TA
831,None,Gd,TA,No,Unf,Unf,SBrkr,,Detchd,RFn,TA,TA
832,BrkFace,Gd,TA,No,GLQ,Unf,SBrkr,TA,Attchd,RFn,TA,TA
833,BrkFace,TA,TA,No,Rec,BLQ,SBrkr,,Attchd,RFn,TA,TA
834,BrkFace,TA,TA,No,Rec,Unf,SBrkr,,Attchd,Unf,TA,TA
835,None,Gd,TA,No,BLQ,Unf,SBrkr,,Attchd,Unf,TA,TA
836,None,TA,TA,No,Rec,Unf,SBrkr,,Detchd,Unf,TA,TA
837,BrkFace,TA,TA,No,BLQ,Unf,SBrkr,,Detchd,Unf,TA,TA
838,None,Gd,TA,No,Unf,Unf,SBrkr,,Attchd,Unf,TA,TA
839,None,TA,TA,No,BLQ,Unf,SBrkr,,Detchd,Unf,TA,TA
840,None,TA,TA,No,BLQ,Unf,SBrkr,,Detchd,Unf,TA,TA
841,None,TA,TA,No,Unf,Unf,SBrkr,Po,Detchd,Unf,Gd,TA
842,BrkFace,TA,TA,Gd,Rec,ALQ,SBrkr,,Attchd,RFn,Gd,Gd
843,None,TA,TA,No,Unf,Unf,SBrkr,,,,,
844,None,TA,TA,Mn,Unf,Unf,SBrkr,Gd,Detchd,Unf,TA,TA
845,None,Gd,TA,Gd,ALQ,Unf,SBrkr,TA,Basment,Fin,TA,TA
846,BrkFace,Gd,TA,No,ALQ,Unf,SBrkr,TA,Attchd,Unf,TA,TA
847,None,TA,TA,Av,BLQ,Unf,SBrkr,Fa,Attchd,Unf,TA,TA
848,None,TA,TA,No,Unf,Unf,SBrkr,Gd,Detchd,Unf,Fa,TA
849,BrkFace,TA,TA,No,Unf,Unf,SBrkr,TA,Attchd,RFn,TA,TA
850,BrkFace,Gd,TA,Av,GLQ,Unf,SBrkr,,Attchd,Fin,TA,TA
851,BrkFace,Gd,TA,Gd,Unf,Unf,SBrkr,TA,Attchd,Fin,TA,TA
852,None,TA,TA,No,Rec,Unf,SBrkr,Gd,Detchd,Unf,TA,TA
853,BrkFace,TA,TA,Gd,Rec,Unf,SBrkr,Fa,Attchd,RFn,TA,TA
854,None,TA,TA,Mn,ALQ,Rec,SBrkr,Gd,Attchd,Unf,TA,TA
855,None,TA,TA,No,ALQ,Unf,SBrkr,,Detchd,Unf,TA,TA
856,None,Gd,Gd,Gd,GLQ,LwQ,SBrkr,,Detchd,Unf,TA,Fa
857,None,Gd,TA,No,Unf,Unf,SBrkr,TA,Attchd,Fin,TA,TA
858,BrkFace,Gd,TA,No,Unf,Unf,SBrkr,TA,Attchd,RFn,TA,TA
859,BrkFace,TA,TA,Mn,BLQ,Unf,SBrkr,Gd,Attchd,Unf,TA,TA
860,None,TA,TA,No,Unf,Unf,SBrkr,Gd,Detchd,Unf,TA,TA
861,None,TA,TA,Mn,BLQ,Unf,SBrkr,,Attchd,Unf,TA,TA
862,None,Gd,TA,No,GLQ,Unf,SBrkr,,Attchd,Unf,TA,TA
863,None,TA,TA,No,BLQ,Unf,SBrkr,,Attchd,Unf,TA,TA
864,None,Ex,TA,No,Unf,Unf,SBrkr,,Attchd,Fin,TA,TA
865,BrkFace,TA,TA,No,BLQ,Unf,SBrkr,,Detchd,Unf,TA,TA
866,Stone,Gd,TA,Av,Unf,Unf,SBrkr,Gd,Attchd,RFn,TA,TA
867,None,TA,TA,No,ALQ,Unf,SBrkr,,Attchd,RFn,TA,TA
868,None,,,,,,SBrkr,TA,Attchd,Unf,TA,TA
869,BrkFace,Gd,TA,No,GLQ,Unf,SBrkr,TA,Attchd,Fin,TA,TA
870,None,TA,TA,No,Unf,Unf,SBrkr,,Detchd,Unf,TA,TA
871,BrkFace,Gd,TA,No,GLQ,Unf,SBrkr,,Attchd,RFn,TA,TA
872,None,TA,TA,Av,Unf,Unf,SBrkr,,Attchd,Unf,TA,TA
873,None,TA,TA,No,Rec,Unf,SBrkr,Gd,Attchd,Unf,TA,TA
874,None,TA,TA,No,Unf,Unf,SBrkr,,Detchd,Unf,TA,TA
875,None,Gd,TA,Av,GLQ,Unf,SBrkr,Gd,BuiltIn,Fin,TA,TA
876,None,TA,TA,Gd,ALQ,Unf,SBrkr,,Attchd,Unf,TA,TA
877,Stone,Ex,TA,No,GLQ,Unf,SBrkr,Gd,Attchd,Fin,TA,TA
878,None,TA,TA,Av,ALQ,Unf,SBrkr,,Detchd,Unf,TA,TA
879,BrkFace,TA,TA,No,ALQ,Unf,SBrkr,,Attchd,Unf,TA,TA
880,None,Ex,Gd,No,ALQ,Unf,SBrkr,,Attchd,Fin,TA,TA
881,BrkFace,Gd,TA,Mn,LwQ,Unf,SBrkr,TA,Attchd,RFn,TA,TA
882,None,Gd,TA,No,Unf,Unf,SBrkr,TA,BuiltIn,RFn,TA,TA
883,None,TA,Fa,No,Unf,Unf,SBrkr,,Detchd,Unf,TA,Gd
884,BrkFace,TA,TA,No,BLQ,Unf,SBrkr,,Attchd,RFn,TA,TA
885,BrkFace,Ex,TA,Av,GLQ,Unf,SBrkr,TA,Attchd,Fin,TA,TA
886,BrkFace,TA,TA,No,LwQ,Unf,SBrkr,,Attchd,Fin,TA,TA
887,None,TA,TA,No,Unf,Unf,SBrkr,,Attchd,Unf,TA,TA
888,None,TA,Gd,Gd,ALQ,Rec,SBrkr,TA,Attchd,Unf,TA,TA
889,BrkFace,TA,TA,No,BLQ,Unf,SBrkr,TA,Attchd,RFn,TA,TA
890,None,TA,TA,Mn,Unf,Unf,SBrkr,Po,Detchd,Unf,TA,TA
891,BrkFace,TA,TA,No,LwQ,Rec,SBrkr,TA,Attchd,RFn,TA,TA
892,None,TA,TA,No,GLQ,Unf,SBrkr,,Attchd,RFn,TA,TA
893,None,Gd,TA,Mn,BLQ,Unf,SBrkr,Gd,Attchd,Unf,TA,TA
894,None,,,,,,SBrkr,,Attchd,Unf,TA,TA
895,BrkFace,TA,TA,No,BLQ,Unf,SBrkr,TA,Attchd,RFn,TA,TA
896,None,TA,TA,No,ALQ,Unf,SBrkr,,Detchd,Unf,TA,TA
897,None,,,,,,SBrkr,,Detchd,Unf,TA,TA
898,Stone,Ex,TA,Gd,GLQ,Unf,SBrkr,Gd,Attchd,Fin,TA,TA
899,None,TA,TA,No,BLQ,Unf,SBrkr,TA,Attchd,Unf,TA,TA
900,None,TA,TA,No,ALQ,Unf,SBrkr,,Detchd,Unf,TA,TA
901,None,TA,TA,Mn,BLQ,Unf,SBrkr,,Detchd,Unf,TA,TA
902,None,Gd,TA,No,Unf,Unf,SBrkr,Gd,Attchd,Fin,TA,TA
903,BrkFace,Gd,TA,No,Unf,Unf,SBrkr,Gd,Attchd,RFn,TA,TA
904,BrkFace,TA,TA,No,GLQ,Unf,SBrkr,,Attchd,Unf,TA,TA
905,Stone,TA,TA,No,Rec,LwQ,SBrkr,,Attchd,RFn,TA,TA
906,Stone,Gd,TA,No,GLQ,Unf,SBrkr,Gd,Attchd,RFn,TA,TA
907,None,Gd,TA,No,Rec,Unf,SBrkr,Gd,Attchd,Fin,Fa,TA
908,None,Gd,TA,Av,BLQ,ALQ,SBrkr,,Attchd,Unf,TA,TA
909,None,Gd,TA,No,Unf,Unf,SBrkr,Gd,Attchd,Fin,TA,TA
910,BrkFace,TA,TA,No,Rec,Unf,FuseA,,Detchd,Unf,TA,TA
911,None,Gd,Gd,Av,ALQ,Unf,SBrkr,,Detchd,Unf,TA,TA
912,None,TA,TA,No,Rec,Unf,SBrkr,,Detchd,Unf,TA,TA
913,None,TA,TA,No,BLQ,Unf,FuseA,,2Types,Unf,TA,TA
914,Stone,Gd,TA,Av,GLQ,Unf,SBrkr,,Detchd,RFn,TA,TA
915,BrkFace,TA,TA,No,Unf,Unf,SBrkr,,Attchd,Unf,TA,TA
916,None,TA,TA,Av,BLQ,Unf,FuseA,,Detchd,Unf,TA,TA
917,None,TA,TA,No,ALQ,Unf,FuseA,,Attchd,RFn,TA,TA
918,None,Ex,TA,Mn,BLQ,GLQ,SBrkr,TA,Attchd,RFn,TA,TA
919,None,Gd,TA,No,ALQ,BLQ,SBrkr,TA,Attchd,Unf,TA,TA
920,BrkFace,Gd,Gd,No,GLQ,Unf,SBrkr,,Attchd,RFn,TA,TA
921,None,TA,TA,No,ALQ,Unf,SBrkr,,,,,
922,None,Gd,TA,No,GLQ,Unf,SBrkr,Gd,Attchd,Fin,TA,TA
923,None,Gd,TA,No,LwQ,GLQ,SBrkr,Fa,Attchd,RFn,TA,TA
924,BrkFace,Gd,TA,No,BLQ,LwQ,SBrkr,TA,Attchd,Unf,TA,TA
925,None,Gd,TA,Av,ALQ,LwQ,SBrkr,,Attchd,RFn,TA,TA
926,BrkFace,Gd,TA,No,Unf,Unf,SBrkr,Gd,BuiltIn,Fin,TA,TA
927,BrkFace,TA,TA,No,BLQ,Unf,SBrkr,Gd,Attchd,RFn,TA,TA
928,None,Gd,TA,Av,Unf,Unf,SBrkr,TA,Attchd,RFn,TA,TA
929,BrkFace,Gd,TA,No,Unf,Unf,SBrkr,TA,BuiltIn,Fin,TA,TA
930,None,Gd,TA,Av,GLQ,Unf,SBrkr,,Attchd,Fin,TA,TA
931,None,TA,TA,No,BLQ,Rec,SBrkr,,Detchd,Unf,TA,TA
932,Stone,Ex,Gd,No,Unf,Unf,SBrkr,Gd,Attchd,Fin,TA,TA
933,BrkFace,Gd,TA,Av,GLQ,Unf,SBrkr,,Attchd,RFn,TA,TA
934,None,Gd,TA,Gd,GLQ,Unf,SBrkr,Gd,Attchd,RFn,TA,TA
935,BrkFace,Fa,TA,Mn,Unf,Unf,SBrkr,,Detchd,Unf,TA,TA
936,,Gd,TA,No,GLQ,Unf,SBrkr,,Attchd,RFn,TA,TA
937,None,Gd,TA,Mn,GLQ,Unf,SBrkr,Gd,Attchd,RFn,TA,TA
938,None,Gd,Gd,Mn,GLQ,Unf,SBrkr,,Attchd,RFn,TA,TA
939,None,TA,TA,Mn,Unf,Unf,SBrkr,TA,Attchd,Unf,TA,TA
940,None,TA,TA,Gd,Rec,LwQ,SBrkr,,Attchd,Unf,TA,TA
941,BrkFace,Gd,TA,No,ALQ,Unf,SBrkr,TA,BuiltIn,RFn,TA,TA
942,None,Gd,TA,Gd,GLQ,Unf,SBrkr,,,,,
943,None,TA,TA,Av,Unf,Unf,SBrkr,,Attchd,Unf,TA,TA
944,BrkFace,TA,TA,No,GLQ,Rec,FuseA,Gd,Basment,RFn,TA,TA
945,None,TA,TA,No,LwQ,Unf,SBrkr,,Detchd,Unf,TA,TA
946,BrkFace,TA,TA,Av,ALQ,BLQ,SBrkr,TA,Attchd,RFn,TA,TA
947,BrkFace,Gd,TA,Av,GLQ,Unf,SBrkr,Gd,Attchd,Fin,TA,TA
948,BrkFace,Gd,TA,,Unf,Unf,SBrkr,TA,Attchd,RFn,TA,TA
949,None,TA,TA,No,ALQ,Unf,SBrkr,TA,Attchd,RFn,TA,TA
950,None,TA,TA,No,ALQ,BLQ,SBrkr,,Detchd,RFn,TA,TA
951,None,TA,TA,No,BLQ,Unf,SBrkr,,Detchd,Unf,TA,TA
952,None,Gd,TA,Av,GLQ,Unf,SBrkr,,Detchd,Fin,TA,TA
953,BrkFace,TA,TA,Av,ALQ,LwQ,SBrkr,Po,Attchd,RFn,TA,TA
954,BrkFace,Gd,Gd,Gd,GLQ,Unf,SBrkr,,,,,
955,BrkFace,Gd,TA,No,Rec,Unf,FuseF,,Attchd,Unf,TA,TA
956,None,Gd,TA,No,ALQ,Unf,SBrkr,TA,Attchd,Fin,TA,TA
957,None,TA,TA,No,Rec,Unf,SBrkr,,Detchd,Fin,TA,TA
958,None,Gd,TA,Mn,GLQ,Unf,SBrkr,,Attchd,RFn,TA,TA
959,None,Gd,TA,No,ALQ,Unf,SBrkr,,Detchd,Unf,TA,TA
960,None,TA,TA,Gd,BLQ,Unf,SBrkr,,,,,
961,BrkFace,Gd,Gd,No,ALQ,Unf,SBrkr,TA,Attchd,Fin,TA,TA
962,None,Gd,TA,No,ALQ,Unf,SBrkr,TA,Detchd,Unf,TA,TA
963,None,Ex,TA,No,Unf,Unf,SBrkr,,Attchd,Fin,TA,TA
964,BrkFace,Gd,TA,No,GLQ,Unf,SBrkr,Gd,BuiltIn,Fin,TA,TA
965,None,Gd,TA,No,Unf,Unf,SBrkr,Gd,Attchd,Fin,TA,TA
966,None,TA,Fa,No,Rec,Unf,SBrkr,TA,Detchd,Unf,TA,TA
967,BrkFace,TA,TA,No,ALQ,Unf,SBrkr,,Attchd,Unf,TA,TA
968,None,TA,TA,No,Unf,Unf,SBrkr,,,,,
969,BrkFace,TA,TA,Gd,ALQ,Unf,SBrkr,,Attchd,RFn,TA,TA
970,None,TA,TA,No,Unf,Unf,FuseA,,,,,
971,Stone,Gd,TA,No,GLQ,Unf,SBrkr,,BuiltIn,RFn,TA,TA
972,None,Gd,TA,No,Unf,Unf,SBrkr,TA,Attchd,Unf,TA,TA
973,,Gd,TA,No,Unf,Unf,SBrkr,,Attchd,Fin,TA,TA
974,None,Gd,TA,No,Unf,Unf,SBrkr,,Detchd,Unf,TA,TA
975,None,Gd,TA,No,GLQ,Unf,SBrkr,,Detchd,Unf,TA,TA
976,None,Gd,TA,No,Unf,Unf,FuseA,,,,,
977,,Gd,TA,No,GLQ,Unf,SBrkr,,Attchd,Fin,TA,TA
978,None,TA,TA,No,LwQ,Unf,SBrkr,,Detchd,Unf,TA,TA
979,None,TA,TA,No,Rec,Unf,SBrkr,,Detchd,Unf,TA,TA
980,Stone,TA,TA,Av,ALQ,Unf,SBrkr,,Attchd,RFn,TA,TA
981,BrkFace,Gd,TA,No,GLQ,Unf,SBrkr,TA,Attchd,Fin,TA,TA
982,BrkFace,Gd,TA,Av,Unf,Unf,SBrkr,Gd,Attchd,Fin,TA,TA
983,None,Gd,TA,Mn,Unf,Unf,SBrkr,Gd,Attchd,Unf,TA,TA
984,None,,,,,,SBrkr,,Attchd,Unf,TA,TA
985,None,TA,TA,No,ALQ,Unf,SBrkr,,Detchd,Unf,TA,TA
986,None,TA,Fa,No,Unf,Unf,SBrkr,,Attchd,Unf,Fa,TA
987,Stone,Ex,TA,Av,GLQ,Unf,SBrkr,Gd,Attchd,Fin,TA,TA
988,BrkFace,TA,TA,No,LwQ,Unf,SBrkr,TA,Attchd,Fin,TA,TA
989,None,Gd,Gd,No,Unf,Unf,SBrkr,,Attchd,RFn,TA,TA
990,BrkFace,Gd,TA,No,GLQ,Unf,SBrkr,TA,Attchd,Fin,TA,TA
991,None,TA,TA,No,BLQ,Unf,SBrkr,Gd,Attchd,Unf,TA,TA
992,BrkFace,TA,TA,Gd,BLQ,Rec,SBrkr,Fa,Attchd,RFn,TA,TA
993,None,Gd,TA,No,Unf,Unf,SBrkr,,Attchd,RFn,TA,TA
994,Stone,Ex,TA,Gd,GLQ,Unf,SBrkr,Gd,Attchd,Fin,TA,TA
995,None,TA,TA,No,ALQ,Unf,SBrkr,,Detchd,Unf,TA,TA
996,None,TA,TA,No,Rec,Unf,SBrkr,,Attchd,Unf,TA,TA
997,BrkFace,TA,TA,No,Unf,Unf,SBrkr,TA,Attchd,RFn,TA,TA
998,None,TA,Fa,No,Unf,Unf,SBrkr,Gd,Detchd,Unf,TA,Fa
999,Stone,Gd,TA,Av,GLQ,Unf,SBrkr,,Attchd,RFn,TA,TA
1000,None,,,,,,FuseF,,Detchd,Unf,TA,Fa
1001,None,Fa,TA,No,Unf,Unf,FuseA,,Detchd,Unf,Fa,TA
1002,BrkFace,Gd,TA,No,GLQ,Unf,SBrkr,Gd,Attchd,RFn,TA,TA
1003,BrkFace,TA,TA,No,Unf,Unf,SBrkr,,Detchd,Unf,TA,TA
1004,BrkFace,Gd,TA,No,GLQ,Unf,SBrkr,Gd,Attchd,Fin,TA,TA
1005,BrkFace,Gd,Gd,Av,GLQ,Unf,SBrkr,,Attchd,Unf,TA,TA
1006,None,Gd,TA,No,LwQ,Unf,SBrkr,TA,Attchd,Unf,TA,TA
1007,None,TA,TA,No,BLQ,LwQ,SBrkr,,Attchd,RFn,TA,TA
1008,Stone,Ex,TA,Mn,Unf,Unf,SBrkr,Gd,Attchd,Fin,TA,TA
1009,None,TA,TA,No,Unf,Unf,SBrkr,,,,,
1010,None,TA,TA,No,Unf,Unf,SBrkr,Gd,Attchd,Unf,TA,TA
1011,None,,,,,,SBrkr,,,,,
1012,None,TA,Fa,No,Unf,Unf,SBrkr,TA,Detchd,Unf,TA,TA
1013,None,TA,TA,No,ALQ,Rec,SBrkr,,Detchd,Unf,TA,TA
1014,BrkFace,TA,Fa,No,BLQ,Unf,SBrkr,Gd,Detchd,Unf,TA,TA
1015,None,Gd,TA,No,GLQ,Unf,SBrkr,,Attchd,Fin,TA,TA
1016,BrkFace,Gd,TA,Gd,GLQ,Unf,SBrkr,TA,Attchd,Fin,TA,TA
1017,None,Gd,TA,Av,GLQ,Unf,SBrkr,Ex,Attchd,RFn,TA,TA
1018,BrkFace,Gd,TA,No,Unf,Unf,SBrkr,TA,Attchd,RFn,TA,TA
1019,BrkFace,Gd,TA,Gd,GLQ,Unf,SBrkr,Gd,Attchd,Fin,TA,TA
1020,None,Gd,TA,No,GLQ,Unf,SBrkr,,Attchd,Fin,TA,TA
1021,Stone,Gd,TA,Av,GLQ,Unf,SBrkr,,Attchd,RFn,TA,TA
1022,None,TA,TA,No,LwQ,Unf,FuseA,,Detchd,Unf,Fa,Fa
1023,BrkFace,Gd,Gd,No,GLQ,Unf,SBrkr,Gd,Attchd,Fin,TA,TA
1024,None,Gd,TA,Av,ALQ,LwQ,SBrkr,Gd,Attchd,Fin,TA,TA
1025,None,TA,TA,No,LwQ,Rec,SBrkr,,Detchd,Unf,TA,TA
1026,BrkFace,TA,TA,No,Rec,Unf,SBrkr,Gd,Attchd,Unf,TA,TA
1027,Stone,Gd,TA,Gd,GLQ,Unf,SBrkr,Gd,Attchd,RFn,TA,TA
1028,None,TA,TA,No,Rec,BLQ,SBrkr,Gd,Attchd,Unf,TA,TA
1029,BrkFace,TA,TA,No,BLQ,Unf,SBrkr,,Detchd,Unf,TA,TA
1030,None,TA,TA,Mn,Unf,Unf,SBrkr,,,,,
1031,None,TA,TA,No,GLQ,Unf,SBrkr,TA,Basment,Fin,TA,TA
1032,None,Gd,Gd,No,GLQ,Unf,SBrkr,TA,Attchd,RFn,TA,TA
1033,Stone,Gd,TA,No,GLQ,Unf,SBrkr,,Attchd,Unf,TA,TA
1034,None,Fa,Fa,No,Unf,Unf,SBrkr,Gd,Basment,Unf,Fa,TA
1035,None,,,,,,SBrkr,,Detchd,Unf,TA,TA
1036,Stone,Ex,TA,Gd,GLQ,Unf,SBrkr,Ex,Attchd,Fin,TA,TA
1037,BrkFace,Gd,TA,No,Unf,Unf,SBrkr,TA,BuiltIn,Fin,TA,TA
1038,None,TA,TA,No,Unf,Unf,SBrkr,TA,,,,
1039,None,Gd,TA,Av,GLQ,Unf,SBrkr,,Attchd,Unf,TA,TA
1040,BrkCmn,TA,TA,No,Rec,BLQ,SBrkr,TA,Attchd,RFn,TA,TA
1041,BrkFace,TA,TA,No,GLQ,Rec,SBrkr,,Attchd,Unf,TA,TA
1042,Stone,Gd,TA,Av,ALQ,Unf,SBrkr,Gd,Attchd,RFn,TA,TA
1043,BrkFace,Gd,TA,No,GLQ,Unf,SBrkr,Ex,Attchd,Unf,TA,TA
1044,None,Gd,TA,No,ALQ,Unf,SBrkr,Gd,Attchd,Fin,TA,TA
1045,None,,,,,,FuseA,Gd,Attchd,Unf,TA,TA
1046,Stone,Ex,TA,Av,GLQ,Unf,SBrkr,Gd,BuiltIn,Fin,TA,TA
1047,None,Gd,TA,No,GLQ,Unf,SBrkr,,Detchd,Unf,TA,TA
1048,BrkFace,,,,,,SBrkr,TA,Attchd,Unf,TA,TA
1049,None,,,,,,SBrkr,,Detchd,Unf,TA,TA
1050,None,Gd,TA,Av,Unf,Unf,SBrkr,,Attchd,Fin,TA,TA
1051,None,Gd,TA,Av,Unf,Unf,SBrkr,Gd,Attchd,Fin,TA,TA
1052,BrkCmn,TA,TA,No,Rec,Unf,SBrkr,TA,Attchd,RFn,TA,TA
1053,Stone,TA,TA,Av,Rec,Unf,FuseA,Gd,Basment,Unf,TA,TA
1054,BrkFace,Gd,TA,Mn,GLQ,Unf,SBrkr,Gd,Attchd,Fin,TA,TA
1055,BrkFace,Gd,TA,No,ALQ,Unf,SBrkr,TA,Attchd,Fin,TA,TA
1056,Stone,Gd,TA,Av,GLQ,Unf,SBrkr,Gd,Attchd,RFn,TA,TA
1057,None,Gd,TA,No,GLQ,Unf,SBrkr,Gd,BuiltIn,Fin,TA,TA
1058,Stone,Ex,TA,Av,GLQ,Unf,SBrkr,Gd,Attchd,Fin,TA,TA
1059,BrkFace,TA,TA,Mn,Rec,LwQ,SBrkr,Gd,Detchd,Unf,TA,Fa
1060,None,Gd,TA,Mn,GLQ,Unf,SBrkr,,Attchd,Fin,TA,TA
1061,None,TA,TA,No,Unf,Unf,SBrkr,,Detchd,RFn,TA,TA
1062,None,TA,TA,No,Unf,Unf,SBrkr,,Detchd,Unf,TA,TA
1063,None,TA,TA,No,BLQ,Unf,SBrkr,Gd,Detchd,Unf,TA,TA
1064,BrkFace,TA,TA,Mn,BLQ,Rec,SBrkr,Po,Attchd,RFn,TA,TA
1065,None,Ex,TA,Gd,GLQ,Unf,SBrkr,,Attchd,RFn,TA,TA
1066,None,Gd,TA,No,Unf,Unf,SBrkr,TA,Attchd,RFn,TA,TA
1067,BrkFace,TA,TA,Gd,GLQ,LwQ,SBrkr,,Attchd,RFn,TA,TA
1068,None,Gd,TA,No,ALQ,Unf,SBrkr,Gd,Attchd,Fin,TA,TA
1069,None,TA,TA,No,ALQ,Unf,SBrkr,,Detchd,Unf,TA,TA
1070,BrkFace,TA,TA,No,BLQ,Unf,SBrkr,,Attchd,Unf,TA,TA
1071,None,TA,TA,No,Rec,Unf,SBrkr,,Attchd,Unf,TA,TA
1072,None,Fa,Fa,Mn,Unf,Unf,FuseA,TA,Detchd,Unf,TA,TA
1073,BrkFace,TA,TA,No,BLQ,Unf,SBrkr,,Attchd,Fin,TA,TA
1074,None,Gd,TA,Av,Unf,Unf,SBrkr,,Attchd,RFn,TA,TA
1075,None,TA,TA,No,BLQ,Unf,SBrkr,Gd,Attchd,Unf,TA,TA
1076,None,Fa,TA,No,ALQ,Unf,SBrkr,TA,Attchd,Unf,TA,TA
1077,None,TA,TA,Mn,BLQ,Rec,SBrkr,,Attchd,Fin,TA,TA
1078,BrkFace,Gd,TA,Mn,GLQ,Unf,SBrkr,Gd,Attchd,RFn,TA,TA
1079,None,Gd,TA,No,GLQ,Unf,SBrkr,,Attchd,Unf,TA,TA
1080,BrkFace,TA,TA,No,ALQ,Unf,SBrkr,,Attchd,RFn,TA,TA
1081,None,TA,TA,No,ALQ,Unf,SBrkr,,Attchd,Fin,TA,TA
1082,BrkFace,Gd,TA,No,Unf,Unf,SBrkr,Gd,Attchd,RFn,TA,TA
1083,BrkFace,TA,TA,No,BLQ,Unf,SBrkr,Gd,Attchd,RFn,TA,TA
1084,None,Gd,TA,No,ALQ,Unf,SBrkr,TA,Attchd,Fin,TA,TA
1085,None,Gd,TA,Av,GLQ,Unf,SBrkr,,Attchd,Unf,TA,TA
1086,None,TA,TA,No,BLQ,Unf,SBrkr,,Attchd,RFn,TA,TA
1087,None,Gd,TA,Mn,Unf,Unf,SBrkr,Gd,Attchd,RFn,TA,TA
1088,Stone,Gd,TA,No,Unf,Unf,SBrkr,,Detchd,Unf,TA,TA
1089,None,Gd,TA,No,GLQ,Unf,SBrkr,Gd,Attchd,Fin,TA,TA
1090,None,,,,,,FuseA,,Detchd,Unf,TA,TA
1091,BrkFace,Gd,TA,No,BLQ,Unf,SBrkr,,Detchd,Unf,TA,TA
1092,None,TA,TA,No,Rec,Unf,SBrkr,Gd,Detchd,Unf,TA,TA
1093,BrkFace,TA,TA,Mn,GLQ,Unf,SBrkr,,Detchd,Unf,TA,TA
1094,None,TA,TA,No,BLQ,Rec,SBrkr,,Attchd,Fin,TA,TA
1095,None,Gd,TA,No,GLQ,Unf,SBrkr,Gd,Attchd,RFn,TA,TA
1096,None,TA,TA,No,Unf,Unf,SBrkr,,,,,
1097,None,Gd,TA,No,Unf,Unf,SBrkr,,Attchd,RFn,TA,TA
1098,None,TA,TA,No,BLQ,Unf,SBrkr,,Detchd,Unf,TA,TA
1099,BrkFace,Gd,TA,No,ALQ,Unf,SBrkr,TA,Attchd,RFn,TA,TA
1100,None,TA,Fa,No,Rec,Unf,FuseF,,Detchd,Unf,TA,TA
1101,None,TA,TA,No,BLQ,LwQ,SBrkr,,Detchd,Unf,TA,TA
1102,BrkFace,TA,TA,No,Rec,Unf,SBrkr,,Attchd,RFn,TA,TA
1103,None,TA,TA,Mn,ALQ,Unf,SBrkr,Fa,BuiltIn,Fin,TA,TA
1104,BrkFace,TA,TA,No,Unf,Unf,SBrkr,,Detchd,Unf,TA,TA
1105,BrkFace,Ex,TA,Av,GLQ,Unf,SBrkr,TA,Attchd,RFn,TA,TA
1106,None,Gd,TA,Mn,GLQ,Unf,SBrkr,TA,Attchd,Fin,TA,TA
1107,None,Ex,Gd,No,Unf,Unf,SBrkr,Gd,BuiltIn,RFn,TA,TA
1108,None,Gd,TA,No,Unf,Unf,SBrkr,TA,Attchd,RFn,TA,TA
1109,Stone,Ex,TA,Mn,GLQ,Unf,SBrkr,Gd,Attchd,Fin,TA,TA
1110,None,Gd,TA,No,GLQ,Unf,SBrkr,TA,Attchd,Fin,TA,TA
1111,BrkFace,TA,TA,No,ALQ,Unf,SBrkr,Gd,Attchd,RFn,TA,TA
1112,None,TA,TA,No,GLQ,Unf,FuseA,,Detchd,Unf,TA,TA
1113,None,TA,TA,No,BLQ,Unf,SBrkr,,Attchd,Unf,TA,TA
1114,None,TA,TA,No,Rec,Unf,SBrkr,,Detchd,Unf,TA,TA
1115,Stone,Ex,TA,No,GLQ,Unf,SBrkr,Gd,Attchd,RFn,TA,TA
1116,None,Gd,TA,No,GLQ,Unf,SBrkr,TA,BuiltIn,Fin,TA,TA
1117,None,TA,TA,No,BLQ,Unf,SBrkr,,Attchd,RFn,TA,TA
1118,None,TA,TA,No,Unf,Unf,SBrkr,,BuiltIn,RFn,TA,TA
1119,None,TA,TA,No,LwQ,Unf,FuseA,,Attchd,RFn,TA,TA
1120,None,TA,TA,No,Unf,Unf,FuseA,Gd,Detchd,Unf,TA,TA
1121,BrkFace,Gd,TA,Av,GLQ,Unf,SBrkr,,Attchd,RFn,TA,TA
1122,None,TA,TA,No,Unf,Unf,FuseA,,Basment,Unf,TA,TA
1123,None,TA,TA,No,Unf,Unf,SBrkr,,,,,
1124,BrkFace,Gd,TA,No,Unf,Unf,SBrkr,TA,Attchd,Fin,TA,TA
1125,None,TA,TA,No,Unf,Unf,SBrkr,TA,Detchd,Unf,Fa,Fa
1126,BrkFace,Gd,TA,No,Unf,Unf,SBrkr,TA,Attchd,Fin,TA,TA
1127,None,Gd,TA,Av,GLQ,Unf,SBrkr,Gd,Attchd,Fin,TA,TA
1128,None,Gd,TA,Av,Unf,Unf,SBrkr,Gd,BuiltIn,Fin,TA,TA
1129,BrkFace,Gd,TA,Gd,GLQ,Unf,SBrkr,,Detchd,Unf,TA,TA
1130,None,TA,TA,No,BLQ,Unf,SBrkr,TA,Detchd,Unf,TA,TA
1131,None,Gd,TA,Mn,BLQ,Unf,SBrkr,,,,,
1132,None,TA,TA,Mn,Unf,Unf,SBrkr,,Detchd,Unf,Fa,TA
1133,None,Gd,TA,No,GLQ,Unf,SBrkr,TA,Attchd,RFn,TA,TA
1134,None,Gd,TA,Av,Unf,Unf,SBrkr,TA,Attchd,Fin,TA,TA
1135,None,TA,TA,No,Unf,Unf,SBrkr,Gd,Detchd,Unf,TA,TA
1136,None,TA,TA,No,BLQ,Unf,FuseA,,Attchd,Unf,TA,TA
1137,None,TA,TA,No,Unf,Unf,SBrkr,,,,,
1138,None,TA,TA,Gd,ALQ,Unf,SBrkr,TA,Attchd,RFn,TA,TA
1139,None,TA,TA,No,BLQ,Unf,SBrkr,Gd,Detchd,Unf,TA,TA
1140,None,TA,TA,Mn,ALQ,Unf,SBrkr,,Detchd,Unf,TA,TA
1141,BrkFace,TA,TA,No,ALQ,Unf,SBrkr,TA,Attchd,Unf,TA,TA
1142,Stone,Ex,TA,Gd,GLQ,Unf,SBrkr,TA,BuiltIn,RFn,TA,TA
1143,None,TA,TA,No,GLQ,Unf,SBrkr,,,,,
1144,None,Gd,TA,No,BLQ,Unf,FuseA,,Detchd,Unf,TA,TA
1145,None,TA,TA,No,Unf,Unf,SBrkr,Gd,Detchd,Unf,TA,TA
1146,BrkFace,Gd,TA,No,GLQ,Unf,SBrkr,TA,Attchd,Unf,TA,TA
1147,None,TA,TA,No,Rec,Unf,SBrkr,Gd,Attchd,Unf,TA,TA
1148,None,TA,TA,No,Unf,Unf,SBrkr,Gd,Detchd,Unf,TA,TA
1149,None,TA,TA,No,ALQ,Unf,SBrkr,,Detchd,Unf,TA,TA
1150,None,TA,TA,No,Unf,Unf,FuseA,Gd,Attchd,Unf,TA,TA
1151,BrkFace,TA,TA,No,BLQ,Unf,SBrkr,Gd,Attchd,Fin,TA,TA
1152,None,TA,TA,No,ALQ,GLQ,SBrkr,Gd,Attchd,Fin,TA,TA
1153,None,TA,TA,Av,ALQ,Unf,SBrkr,,Detchd,Unf,TA,TA
1154,Stone,TA,TA,Gd,ALQ,Unf,SBrkr,Gd,Attchd,Unf,TA,TA
1155,None,Gd,TA,Gd,ALQ,Unf,SBrkr,Fa,Attchd,RFn,TA,TA
1156,None,TA,TA,Gd,ALQ,Unf,SBrkr,Gd,Attchd,RFn,TA,TA
1157,Stone,Gd,TA,No,GLQ,Unf,SBrkr,Gd,Attchd,RFn,TA,TA
1158,Stone,Gd,TA,No,Unf,Unf,SBrkr,,Attchd,RFn,TA,TA
1159,BrkFace,TA,TA,No,ALQ,Unf,SBrkr,TA,Attchd,RFn,Gd,TA
1160,None,Gd,TA,No,ALQ,Unf,SBrkr,TA,Attchd,Unf,TA,TA
1161,BrkFace,TA,TA,No,BLQ,Unf,SBrkr,Gd,Detchd,Unf,TA,TA
1162,None,Gd,TA,No,BLQ,Unf,SBrkr,Po,Attchd,Fin,TA,TA
1163,None,Gd,TA,Av,GLQ,Unf,SBrkr,,CarPort,Unf,Fa,TA
1164,None,Gd,TA,Gd,ALQ,Rec,SBrkr,TA,Attchd,Unf,TA,TA
1165,Stone,Gd,TA,No,Unf,Unf,SBrkr,,Attchd,RFn,TA,TA
1166,Stone,Gd,TA,Av,Unf,Unf,SBrkr,,Attchd,RFn,TA,TA
1167,None,Gd,TA,No,GLQ,Unf,SBrkr,TA,Attchd,Fin,TA,TA
1168,None,TA,TA,No,Rec,Unf,SBrkr,TA,Basment,Unf,TA,TA
1169,BrkFace,Ex,TA,Gd,GLQ,Unf,SBrkr,TA,Attchd,Fin,TA,TA
1170,None,TA,TA,Av,ALQ,Unf,SBrkr,Po,Attchd,Fin,TA,TA
1171,None,TA,TA,No,ALQ,Unf,SBrkr,TA,Attchd,RFn,TA,TA
1172,None,Gd,TA,No,Unf,Unf,SBrkr,,Detchd,Fin,TA,TA
1173,None,TA,TA,No,Rec,BLQ,SBrkr,Gd,,,,
1174,None,Gd,TA,No,Rec,Unf,SBrkr,Gd,Detchd,Unf,TA,TA
1175,BrkFace,Gd,TA,No,GLQ,Unf,SBrkr,TA,Attchd,Fin,TA,TA
1176,None,TA,TA,No,ALQ,Unf,SBrkr,,Attchd,Unf,TA,TA
1177,None,TA,TA,No,Rec,Unf,SBrkr,,Detchd,Unf,TA,TA
1178,None,TA,TA,No,Unf,Unf,SBrkr,Gd,Detchd,Unf,Fa,TA
1179,None,,,,,,SBrkr,Gd,,,,
1180,None,Gd,TA,No,LwQ,Unf,SBrkr,,Attchd,Fin,TA,TA
1181,Stone,Ex,TA,Gd,GLQ,Unf,SBrkr,Gd,Attchd,Fin,TA,TA
1182,None,Ex,TA,Av,GLQ,Unf,SBrkr,TA,Attchd,Fin,TA,TA
1183,None,TA,TA,No,Rec,Unf,SBrkr,Gd,Detchd,Unf,TA,TA
1184,BrkFace,TA,TA,Gd,Rec,Unf,SBrkr,TA,2Types,RFn,TA,TA
1185,None,TA,TA,No,BLQ,Unf,SBrkr,,Attchd,Unf,TA,TA
1186,None,Fa,TA,Mn,BLQ,Unf,SBrkr,,CarPort,Unf,Fa,Fa
1187,None,Gd,TA,No,GLQ,Unf,SBrkr,Fa,Attchd,RFn,TA,TA
1188,BrkFace,Gd,TA,No,Unf,Unf,SBrkr,,Attchd,RFn,TA,TA
1189,None,TA,TA,No,Unf,Unf,SBrkr,TA,Attchd,Fin,TA,TA
1190,Stone,TA,TA,Av,BLQ,Unf,SBrkr,TA,2Types,Fin,TA,TA
1191,BrkFace,Gd,TA,No,Unf,Unf,SBrkr,,Detchd,Unf,TA,TA
1192,None,TA,TA,Mn,Unf,Unf,SBrkr,,Detchd,Unf,TA,Fa
1193,BrkFace,Ex,TA,No,GLQ,Unf,SBrkr,,Attchd,Fin,TA,TA
1194,Stone,TA,TA,No,ALQ,Unf,SBrkr,,Attchd,Fin,TA,TA
1195,None,Gd,TA,No,Unf,Unf,SBrkr,,Attchd,Fin,TA,TA
1196,None,Gd,TA,Av,Unf,Unf,SBrkr,Gd,BuiltIn,Fin,TA,TA
1197,None,TA,TA,No,Unf,Unf,SBrkr,Gd,Detchd,Unf,TA,TA
1198,None,Gd,TA,No,Unf,Unf,SBrkr,,Attchd,RFn,TA,TA
1199,BrkFace,TA,TA,No,Rec,Unf,SBrkr,Po,Attchd,Unf,TA,TA
1200,None,TA,TA,No,Unf,Unf,SBrkr,,Attchd,Unf,TA,TA
1201,None,Gd,TA,Av,Unf,Unf,SBrkr,,Attchd,RFn,TA,TA
1202,None,TA,TA,No,Unf,Unf,SBrkr,Fa,Detchd,Unf,TA,TA
1203,BrkFace,Gd,TA,No,Unf,Unf,SBrkr,TA,Attchd,Unf,TA,TA
1204,None,Gd,TA,No,ALQ,Unf,SBrkr,,Attchd,RFn,TA,TA
1205,BrkFace,Gd,TA,Mn,ALQ,BLQ,SBrkr,TA,Attchd,RFn,TA,TA
1206,None,TA,TA,No,Rec,Unf,SBrkr,,Detchd,Unf,TA,TA
1207,BrkFace,Gd,TA,Av,GLQ,Unf,SBrkr,,Attchd,RFn,TA,TA
1208,None,TA,TA,No,Rec,BLQ,SBrkr,,Detchd,Unf,TA,TA
1209,Stone,Ex,TA,Mn,GLQ,Unf,SBrkr,Gd,Attchd,RFn,TA,TA
1210,None,Gd,TA,No,Unf,Unf,SBrkr,TA,Attchd,RFn,TA,TA
1211,None,Gd,TA,Av,GLQ,Unf,SBrkr,,Basment,RFn,TA,TA
1212,None,TA,TA,No,Rec,Unf,SBrkr,,Attchd,Unf,TA,TA
1213,None,TA,Gd,Av,GLQ,Unf,SBrkr,,Attchd,Unf,TA,TA
1214,None,TA,TA,Av,BLQ,Unf,SBrkr,,Attchd,Unf,TA,TA
1215,None,TA,TA,No,Rec,LwQ,SBrkr,,Detchd,RFn,TA,TA
1216,None,,,,,,SBrkr,,Attchd,Unf,TA,TA
1217,Stone,Gd,TA,Mn,GLQ,Unf,SBrkr,,Attchd,RFn,TA,TA
1218,None,,,,,,SBrkr,,,,,
1219,BrkFace,TA,TA,No,Unf,Unf,SBrkr,,,,,
1220,None,TA,TA,No,Rec,LwQ,SBrkr,,Attchd,Unf,TA,TA
1221,None,TA,TA,No,BLQ,LwQ,SBrkr,TA,Attchd,Unf,TA,TA
1222,BrkFace,TA,TA,Mn,Rec,Unf,SBrkr,Gd,Attchd,Unf,TA,TA
1223,BrkFace,TA,Fa,No,LwQ,Unf,FuseA,,Detchd,Unf,TA,TA
1224,None,Gd,TA,Av,GLQ,Unf,SBrkr,Gd,Attchd,Fin,TA,TA
1225,BrkFace,TA,TA,Av,GLQ,Unf,SBrkr,,Attchd,RFn,TA,TA
1226,Stone,Gd,TA,Mn,Unf,Unf,SBrkr,Gd,BuiltIn,Fin,TA,TA
1227,BrkFace,TA,TA,No,ALQ,Unf,SBrkr,,Detchd,Unf,TA,TA
1228,BrkFace,Ex,TA,No,GLQ,Unf,SBrkr,Gd,Attchd,Fin,TA,TA
1229,None,TA,TA,No,ALQ,Unf,SBrkr,,Basment,Unf,TA,TA
1230,None,Gd,TA,No,GLQ,Rec,SBrkr,TA,BuiltIn,RFn,TA,TA
1231,BrkFace,TA,TA,Av,ALQ,Unf,SBrkr,,Attchd,Unf,TA,TA
1232,None,,,,,,SBrkr,,CarPort,Unf,TA,TA
1233,BrkFace,TA,TA,No,Rec,Unf,SBrkr,,Attchd,RFn,TA,TA
1234,None,TA,TA,Av,Unf,Unf,FuseA,,,,,
1235,None,Gd,TA,Mn,Unf,Unf,FuseF,,Detchd,Unf,Fa,Fa
1236,Stone,Gd,TA,No,Unf,Unf,SBrkr,,BuiltIn,RFn,TA,TA
1237,None,Gd,TA,No,Unf,Unf,SBrkr,Gd,BuiltIn,Fin,TA,TA
1238,None,Gd,TA,No,Unf,Unf,SBrkr,,Detchd,Unf,TA,TA
1239,BrkFace,Gd,TA,Av,GLQ,Unf,SBrkr,Gd,Attchd,RFn,TA,TA
1240,BrkFace,Gd,TA,No,GLQ,Unf,SBrkr,,Attchd,RFn,TA,TA
1241,Stone,Gd,TA,Av,Unf,Unf,SBrkr,,Attchd,RFn,TA,TA
1242,BrkFace,Gd,TA,Gd,GLQ,LwQ,SBrkr,TA,Attchd,RFn,TA,TA
1243,,Ex,Gd,Gd,GLQ,Unf,SBrkr,Gd,Attchd,Fin,TA,TA
1244,None,Gd,TA,No,Unf,Unf,SBrkr,Gd,Detchd,Unf,TA,TA
1245,BrkFace,Gd,TA,No,Unf,Unf,SBrkr,TA,BuiltIn,Fin,TA,TA
1246,None,Gd,TA,No,Unf,Unf,SBrkr,,Attchd,RFn,TA,TA
1247,BrkFace,TA,TA,Av,GLQ,Unf,SBrkr,,Attchd,Unf,TA,TA
1248,None,Gd,TA,No,Rec,Unf,SBrkr,Gd,Detchd,Unf,Fa,Fa
1249,None,TA,TA,No,BLQ,Rec,SBrkr,,Attchd,Unf,TA,TA
1250,None,TA,TA,No,ALQ,Unf,SBrkr,TA,Attchd,Fin,TA,TA
1251,Stone,Gd,TA,No,Unf,Unf,SBrkr,Gd,Attchd,RFn,TA,TA
1252,None,TA,TA,No,BLQ,Unf,SBrkr,,Attchd,RFn,TA,TA
1253,None,TA,TA,Gd,LwQ,ALQ,SBrkr,Gd,Attchd,RFn,TA,TA
1254,Stone,Gd,TA,No,Unf,Unf,SBrkr,Gd,BuiltIn,Fin,TA,TA
1255,None,TA,Fa,No,LwQ,Unf,FuseA,Gd,Detchd,Unf,TA,TA
1256,BrkFace,Gd,TA,Gd,GLQ,Unf,SBrkr,TA,Attchd,Fin,TA,TA
1257,None,Fa,TA,No,Unf,Unf,SBrkr,,,,,
1258,Stone,Gd,TA,Gd,GLQ,Unf,SBrkr,,Attchd,Fin,TA,TA
1259,None,Gd,TA,No,ALQ,LwQ,SBrkr,,Attchd,Unf,TA,TA
1260,None,Gd,TA,No,Unf,Unf,SBrkr,TA,BuiltIn,Fin,TA,TA
1261,None,TA,TA,No,Rec,Unf,SBrkr,,Attchd,Unf,TA,TA
1262,None,TA,TA,Av,Unf,Unf,FuseA,TA,Attchd,Unf,TA,TA
1263,None,TA,TA,No,Unf,Unf,FuseA,Gd,Detchd,Unf,TA,TA
1264,None,Gd,TA,No,GLQ,Unf,SBrkr,,Attchd,Fin,TA,TA
1265,BrkFace,Gd,TA,No,GLQ,Unf,SBrkr,,Detchd,Unf,TA,TA
1266,None,TA,TA,No,Unf,Unf,FuseF,Gd,Detchd,Unf,TA,TA
1267,None,Ex,TA,Gd,Unf,Unf,SBrkr,Gd,Attchd,Fin,TA,TA
1268,BrkFace,TA,TA,Mn,Rec,Unf,SBrkr,Gd,BuiltIn,Unf,TA,TA
1269,BrkFace,TA,TA,No,BLQ,Unf,FuseA,,Attchd,Unf,TA,TA
1270,None,Gd,TA,Gd,GLQ,Unf,SBrkr,TA,Attchd,Fin,TA,TA
1271,None,TA,TA,No,Unf,Unf,SBrkr,Gd,Attchd,RFn,TA,TA
1272,BrkFace,TA,TA,No,BLQ,LwQ,SBrkr,,Attchd,Unf,TA,TA
1273,BrkFace,TA,TA,Av,ALQ,Unf,SBrkr,Gd,Basment,RFn,TA,TA
1274,None,TA,TA,No,Unf,Unf,SBrkr,Gd,Detchd,Unf,TA,TA
1275,Stone,TA,TA,No,Rec,Unf,FuseA,,Detchd,Unf,TA,Fa
1276,None,TA,Gd,No,BLQ,Unf,SBrkr,TA,Attchd,Unf,TA,TA
1277,BrkFace,Gd,TA,Av,ALQ,Unf,SBrkr,Gd,Attchd,RFn,TA,TA
1278,,Gd,TA,No,GLQ,Unf,SBrkr,Gd,Attchd,RFn,TA,TA
1279,None,TA,TA,No,Unf,Unf,FuseA,,Detchd,RFn,TA,TA
1280,BrkFace,Gd,TA,No,GLQ,Unf,SBrkr,,Attchd,RFn,TA,TA
1281,BrkFace,Gd,TA,No,ALQ,Unf,SBrkr,TA,Attchd,Fin,Gd,Gd
1282,None,Gd,TA,Mn,LwQ,Rec,SBrkr,,Detchd,Unf,TA,TA
1283,None,TA,TA,Av,Unf,Unf,SBrkr,,,,,
1284,None,TA,TA,No,Unf,Unf,SBrkr,Gd,Detchd,Unf,TA,TA
1285,None,TA,TA,No,Unf,Unf,FuseF,Gd,Detchd,Unf,TA,TA
1286,BrkFace,TA,TA,No,ALQ,Rec,SBrkr,Gd,Attchd,Unf,TA,TA
1287,BrkCmn,TA,TA,Av,Rec,Unf,SBrkr,,Attchd,Unf,TA,TA
1288,None,Gd,TA,No,GLQ,Unf,SBrkr,Ex,Attchd,Fin,TA,TA
1289,Stone,Gd,TA,Mn,Unf,Unf,SBrkr,Gd,BuiltIn,Fin,TA,TA
1290,BrkFace,TA,TA,Av,GLQ,Unf,SBrkr,Gd,Attchd,RFn,TA,TA
1291,BrkFace,TA,TA,No,ALQ,Unf,SBrkr,,Detchd,Unf,TA,TA
1292,None,TA,TA,No,Unf,Unf,SBrkr,,Attchd,RFn,TA,TA
1293,None,Gd,TA,No,GLQ,Unf,SBrkr,TA,Attchd,RFn,TA,TA
1294,None,TA,TA,No,Rec,Unf,SBrkr,,Detchd,Unf,TA,TA
1295,BrkFace,TA,TA,Av,BLQ,Unf,SBrkr,,Attchd,RFn,TA,TA
1296,BrkFace,TA,TA,Mn,ALQ,Unf,SBrkr,,Attchd,RFn,TA,TA
1297,BrkFace,Gd,TA,Gd,GLQ,Unf,SBrkr,,Basment,Fin,TA,TA
1298,Stone,Ex,TA,Gd,GLQ,Unf,SBrkr,Gd,Attchd,Fin,TA,TA
1299,None,TA,TA,No,LwQ,Rec,SBrkr,,Attchd,RFn,TA,TA
1300,None,Gd,TA,No,GLQ,Unf,SBrkr,TA,Attchd,Fin,TA,TA
1301,None,TA,TA,No,BLQ,Unf,SBrkr,Gd,Attchd,Unf,TA,TA
1302,BrkFace,Gd,TA,No,GLQ,Unf,SBrkr,TA,Attchd,RFn,TA,TA
1303,BrkFace,Gd,TA,Av,Unf,Unf,SBrkr,,Attchd,RFn,TA,TA
1304,Stone,Gd,TA,No,Unf,Unf,SBrkr,,Detchd,Unf,TA,TA
1305,Stone,Ex,TA,No,GLQ,Unf,SBrkr,Ex,Attchd,Fin,TA,TA
1306,Stone,Gd,TA,No,Unf,Unf,SBrkr,Gd,Attchd,RFn,TA,TA
1307,None,Gd,Gd,No,ALQ,Unf,SBrkr,,Detchd,Unf,TA,TA
1308,None,TA,TA,No,GLQ,ALQ,SBrkr,,Attchd,Unf,TA,TA
1309,BrkFace,Gd,TA,No,GLQ,Unf,SBrkr,,Attchd,RFn,TA,TA
1310,None,Gd,TA,Av,GLQ,Unf,SBrkr,TA,Attchd,Fin,TA,TA
1311,BrkFace,Gd,TA,No,GLQ,Unf,SBrkr,,Attchd,RFn,TA,TA
1312,BrkFace,Ex,TA,No,GLQ,Unf,SBrkr,Ex,Attchd,RFn,Gd,Gd
1313,BrkFace,Gd,TA,No,Unf,Unf,SBrkr,TA,BuiltIn,Fin,TA,TA
1314,None,TA,TA,No,Rec,Unf,SBrkr,TA,Detchd,Unf,TA,TA
1315,None,Fa,TA,Mn,ALQ,LwQ,SBrkr,Gd,Attchd,Unf,TA,TA
1316,Stone,Ex,TA,Gd,Unf,Unf,SBrkr,Gd,Attchd,RFn,TA,TA
1317,None,Ex,Gd,No,Unf,Unf,SBrkr,Gd,Attchd,RFn,TA,TA
1318,BrkFace,Gd,TA,Gd,Unf,Unf,SBrkr,TA,Attchd,RFn,TA,TA
1319,BrkFace,TA,TA,No,ALQ,Unf,SBrkr,,Attchd,Unf,TA,TA
1320,None,TA,TA,No,ALQ,Rec,SBrkr,Gd,Attchd,RFn,TA,TA
1321,None,,,,,,SBrkr,,Detchd,Unf,TA,Fa
1322,None,Gd,TA,No,GLQ,Unf,SBrkr,TA,Attchd,RFn,TA,TA
1323,None,TA,TA,No,LwQ,Unf,SBrkr,,,,,
1324,BrkFace,Ex,TA,Av,Unf,Unf,SBrkr,Gd,Attchd,RFn,TA,TA
1325,None,TA,Fa,No,Unf,Unf,SBrkr,,,,,
1326,None,TA,TA,No,Rec,Unf,SBrkr,,,,,
1327,None,TA,TA,No,ALQ,Unf,SBrkr,Ex,Attchd,Unf,TA,TA
1328,None,Gd,TA,No,LwQ,Unf,SBrkr,TA,Detchd,Unf,Fa,TA
1329,None,Gd,TA,No,Unf,Unf,SBrkr,TA,Attchd,Fin,TA,TA
1330,Stone,Gd,Gd,Av,Unf,Unf,SBrkr,Gd,Attchd,RFn,TA,TA
1331,None,TA,TA,Av,ALQ,Unf,SBrkr,,Detchd,Unf,TA,TA
1332,None,TA,TA,Mn,ALQ,Unf,SBrkr,Gd,Detchd,Unf,Fa,Fa
1333,None,TA,TA,No,Unf,Unf,SBrkr,,Detchd,Unf,TA,TA
1334,None,TA,TA,No,LwQ,Unf,SBrkr,,Attchd,Unf,TA,TA
1335,BrkFace,Gd,TA,No,ALQ,Unf,SBrkr,TA,Attchd,RFn,TA,TA
1336,BrkFace,TA,TA,No,Unf,Unf,SBrkr,,Detchd,Unf,TA,TA
1337,None,TA,TA,No,Unf,Unf,FuseA,,,,,
1338,None,Gd,TA,No,GLQ,Unf,SBrkr,,BuiltIn,RFn,TA,TA
1339,None,TA,TA,Mn,Rec,Unf,SBrkr,,Attchd,RFn,TA,TA
1340,None,TA,TA,No,Unf,Unf,SBrkr,,Detchd,Unf,TA,TA
1341,None,Gd,TA,No,GLQ,Unf,SBrkr,,Detchd,Unf,TA,TA
1342,BrkFace,Gd,TA,No,Unf,Unf,SBrkr,Gd,Attchd,RFn,TA,TA
1343,None,TA,TA,No,Unf,Unf,SBrkr,TA,Detchd,Unf,Fa,Fa
1344,None,Gd,TA,No,Unf,Unf,SBrkr,TA,Attchd,Fin,TA,TA
1345,None,TA,TA,No,ALQ,Unf,FuseA,,Detchd,Unf,TA,TA
1346,None,TA,TA,No,BLQ,Rec,SBrkr,Gd,Attchd,RFn,Gd,TA
1347,Stone,Ex,TA,Gd,GLQ,Unf,SBrkr,Gd,Attchd,Fin,TA,TA
1348,None,Gd,TA,Gd,GLQ,Unf,SBrkr,Fa,Attchd,RFn,TA,TA
1349,None,TA,Fa,No,LwQ,Unf,SBrkr,,,,,
1350,BrkFace,TA,TA,No,LwQ,Unf,SBrkr,,Detchd,Unf,TA,TA
1351,BrkFace,TA,TA,No,Rec,Unf,SBrkr,Gd,Attchd,Fin,TA,TA
1352,None,TA,TA,No,Unf,Unf,SBrkr,,Detchd,Unf,TA,TA
1353,BrkFace,Gd,TA,Av,GLQ,Unf,SBrkr,Ex,Attchd,Fin,TA,TA
1354,None,Gd,TA,No,GLQ,Unf,SBrkr,TA,Attchd,RFn,TA,TA
1355,BrkFace,TA,TA,No,Unf,Unf,SBrkr,TA,Attchd,RFn,TA,TA
1356,BrkFace,TA,TA,No,Rec,Unf,SBrkr,,Attchd,RFn,TA,TA
1357,None,TA,TA,No,GLQ,Unf,SBrkr,Fa,Attchd,Fin,TA,TA
1358,BrkFace,Gd,TA,No,GLQ,Unf,SBrkr,,Detchd,Unf,TA,TA
1359,BrkFace,Ex,TA,Av,GLQ,Unf,SBrkr,Gd,Attchd,Fin,TA,TA
1360,None,TA,Fa,No,Unf,Unf,SBrkr,,BuiltIn,RFn,TA,TA
1361,Stone,Ex,TA,Av,ALQ,Unf,SBrkr,Gd,Attchd,Fin,TA,TA
1362,None,TA,Fa,No,Unf,Unf,SBrkr,Gd,Attchd,Unf,TA,TA
1363,None,Gd,TA,No,Unf,Unf,SBrkr,Gd,BuiltIn,Fin,TA,TA
1364,None,Gd,TA,No,Unf,Unf,SBrkr,,Detchd,RFn,TA,TA
1365,None,Gd,TA,No,GLQ,Unf,SBrkr,,Attchd,RFn,TA,TA
1366,BrkFace,Gd,TA,No,GLQ,Unf,SBrkr,,Attchd,RFn,TA,TA
1367,None,TA,TA,No,ALQ,Rec,SBrkr,TA,Attchd,RFn,TA,TA
1368,BrkFace,Gd,TA,Av,GLQ,Unf,SBrkr,,Attchd,Fin,TA,TA
1369,BrkFace,Gd,TA,Av,BLQ,GLQ,SBrkr,TA,Attchd,Fin,TA,TA
1370,None,TA,TA,No,ALQ,Rec,SBrkr,,Detchd,Fin,TA,TA
1371,None,TA,TA,Av,BLQ,Unf,SBrkr,TA,BuiltIn,RFn,TA,TA
1372,None,Gd,TA,Av,GLQ,Unf,SBrkr,TA,Detchd,RFn,TA,TA
1373,BrkFace,Ex,TA,Gd,GLQ,Unf,SBrkr,Gd,Attchd,RFn,TA,TA
1374,None,Gd,TA,No,Unf,Unf,SBrkr,Gd,Attchd,Fin,TA,TA
1375,BrkFace,Gd,TA,Gd,Unf,Unf,SBrkr,Gd,Attchd,Fin,TA,TA
1376,None,Gd,TA,Mn,Rec,Unf,SBrkr,,Detchd,Unf,Fa,TA
1377,None,TA,TA,No,LwQ,BLQ,SBrkr,,Detchd,Unf,TA,TA
1378,BrkFace,TA,Fa,No,BLQ,Unf,SBrkr,,Detchd,Unf,TA,TA
1379,None,Gd,TA,No,Unf,Unf,,,BuiltIn,Fin,TA,TA
1380,None,TA,Fa,No,Rec,Unf,FuseF,,Detchd,Unf,TA,Fa
1381,None,TA,TA,Mn,BLQ,Unf,SBrkr,Gd,Attchd,Fin,TA,TA
1382,None,Fa,TA,No,Unf,Unf,SBrkr,,Detchd,Unf,TA,TA
1383,None,TA,TA,No,Unf,Unf,SBrkr,,Attchd,Unf,TA,TA
1384,None,TA,TA,Mn,Rec,Unf,SBrkr,,Detchd,Unf,TA,TA
1385,None,TA,TA,No,BLQ,Unf,SBrkr,,Detchd,Unf,TA,TA
1386,BrkFace,Gd,TA,No,BLQ,LwQ,SBrkr,TA,Attchd,RFn,TA,TA
1387,None,TA,TA,No,Rec,LwQ,SBrkr,Gd,Detchd,Unf,TA,TA
1388,Stone,Ex,TA,Gd,GLQ,Unf,SBrkr,Gd,Attchd,Fin,TA,TA
1389,None,TA,Gd,No,ALQ,Unf,SBrkr,Gd,Detchd,Unf,TA,TA
1390,BrkFace,Gd,TA,Av,GLQ,Unf,SBrkr,,Attchd,RFn,TA,TA
1391,None,TA,TA,No,Unf,Unf,SBrkr,,Detchd,Unf,TA,TA
1392,None,TA,TA,Av,ALQ,Unf,SBrkr,Po,Attchd,RFn,TA,TA
1393,None,Fa,TA,No,Unf,Unf,SBrkr,TA,Detchd,Unf,Gd,TA
1394,BrkFace,Gd,TA,Av,GLQ,Unf,SBrkr,Gd,Attchd,Fin,TA,TA
1395,BrkFace,Gd,Gd,Gd,Unf,Unf,SBrkr,Gd,BuiltIn,Fin,TA,TA
1396,None,TA,TA,Av,BLQ,Rec,SBrkr,TA,Detchd,Unf,TA,TA
1397,None,TA,TA,Mn,Unf,Unf,SBrkr,,Detchd,Unf,Fa,Fa
1398,None,TA,TA,No,Rec,BLQ,FuseA,,Attchd,Unf,TA,TA
1399,None,TA,TA,No,BLQ,Unf,SBrkr,Gd,Detchd,Unf,Fa,TA
1400,None,TA,TA,No,Unf,Unf,SBrkr,Gd,BuiltIn,RFn,TA,TA
1401,None,TA,TA,No,GLQ,Unf,SBrkr,TA,Attchd,Fin,TA,TA
1402,None,Gd,Gd,Av,Unf,Unf,SBrkr,Gd,Attchd,RFn,TA,TA
1403,Stone,Gd,TA,Gd,GLQ,Unf,SBrkr,,Attchd,Unf,TA,TA
1404,None,TA,TA,No,Unf,Unf,SBrkr,,Detchd,Unf,TA,TA
1405,Stone,Ex,TA,Gd,GLQ,Unf,SBrkr,Gd,Attchd,Fin,TA,TA
1406,None,Gd,TA,Av,GLQ,Unf,SBrkr,,Detchd,Unf,TA,TA
1407,None,TA,TA,No,ALQ,Unf,SBrkr,,,,,
1408,None,Fa,TA,No,Unf,Unf,SBrkr,,Detchd,Unf,TA,TA
1409,BrkFace,Gd,TA,No,Unf,Unf,SBrkr,TA,Attchd,Fin,TA,TA
1410,None,Gd,TA,No,GLQ,Unf,SBrkr,,Attchd,RFn,TA,TA
1411,None,TA,TA,No,BLQ,Unf,SBrkr,,Attchd,Unf,TA,TA
1412,None,,,,,,FuseF,,Detchd,Unf,TA,TA
1413,Stone,Gd,Gd,No,GLQ,Unf,SBrkr,Gd,Attchd,Fin,TA,TA
1414,None,TA,TA,No,Unf,Unf,SBrkr,Gd,Detchd,Unf,TA,TA
1415,BrkFace,Gd,TA,No,ALQ,Unf,SBrkr,TA,Attchd,RFn,TA,TA
1416,None,TA,TA,No,Unf,Unf,SBrkr,,Detchd,Unf,TA,TA
1417,BrkFace,Gd,TA,Mn,GLQ,Unf,SBrkr,TA,Attchd,Fin,TA,TA
1418,None,TA,TA,No,BLQ,Rec,SBrkr,,Detchd,Unf,TA,TA
1419,BrkFace,TA,TA,Av,Rec,Unf,SBrkr,TA,Attchd,RFn,TA,TA
1420,BrkFace,TA,TA,No,ALQ,Unf,SBrkr,TA,Attchd,RFn,TA,TA
1421,None,Gd,TA,No,ALQ,Unf,SBrkr,Fa,Attchd,RFn,TA,TA
1422,BrkFace,Gd,TA,Av,GLQ,Unf,SBrkr,,Attchd,Fin,TA,TA
1423,None,Gd,TA,Av,Unf,Unf,SBrkr,Gd,Attchd,Unf,Gd,Gd
1424,None,TA,TA,No,ALQ,Rec,SBrkr,TA,Detchd,Unf,TA,TA
1425,Stone,TA,TA,No,Unf,Unf,SBrkr,,Detchd,Unf,TA,TA
1426,BrkFace,Gd,TA,No,GLQ,Unf,SBrkr,TA,Attchd,RFn,TA,TA
1427,None,TA,TA,No,BLQ,Unf,FuseA,TA,Attchd,Unf,TA,TA
1428,Stone,TA,TA,No,BLQ,Unf,SBrkr,Gd,Attchd,Unf,TA,TA
1429,BrkFace,Gd,TA,No,BLQ,Unf,SBrkr,TA,Attchd,Fin,TA,TA
1430,None,Gd,Gd,Av,Unf,Unf,SBrkr,Gd,BuiltIn,Fin,TA,TA
1431,None,Gd,TA,No,LwQ,Unf,SBrkr,,Attchd,RFn,TA,TA
1432,None,TA,TA,No,Unf,Unf,SBrkr,,Detchd,Unf,Fa,Fa
1433,BrkFace,Gd,TA,No,Unf,Unf,SBrkr,TA,Attchd,Fin,TA,TA
1434,None,TA,TA,No,ALQ,Unf,SBrkr,Gd,Attchd,RFn,TA,TA
1435,BrkFace,TA,TA,No,Unf,Unf,SBrkr,Gd,Attchd,RFn,TA,TA
1436,None,TA,TA,No,ALQ,Unf,SBrkr,,Detchd,Unf,TA,TA
1437,Stone,Ex,TA,Av,GLQ,Unf,SBrkr,Gd,Attchd,Fin,TA,TA
1438,None,TA,TA,No,GLQ,Unf,FuseA,,Attchd,Unf,TA,TA
1439,BrkFace,TA,TA,No,GLQ,Rec,SBrkr,TA,Attchd,RFn,TA,TA
1440,None,Ex,TA,No,Unf,Unf,SBrkr,Gd,Detchd,Fin,TA,TA
1441,BrkFace,Gd,TA,Av,GLQ,Unf,SBrkr,TA,Attchd,RFn,TA,TA
1442,Stone,Ex,TA,Av,GLQ,Unf,SBrkr,Ex,Attchd,Fin,TA,TA
1443,None,TA,TA,No,Unf,Unf,FuseF,Gd,Detchd,Unf,Fa,Po
1444,BrkFace,Gd,TA,Av,Unf,Unf,SBrkr,,Attchd,RFn,TA,TA
1445,None,TA,TA,Gd,LwQ,Rec,SBrkr,,Detchd,Unf,TA,TA
1446,BrkFace,TA,TA,No,Rec,Unf,SBrkr,,Attchd,Unf,TA,TA
1447,BrkFace,Gd,TA,No,GLQ,Unf,SBrkr,TA,Attchd,RFn,TA,TA
1448,None,Fa,TA,No,Unf,Unf,SBrkr,,Detchd,Unf,Fa,TA
1449,None,Gd,TA,Av,GLQ,Unf,SBrkr,,,,,
1450,None,Gd,TA,No,Unf,Unf,SBrkr,,,,,
1451,Stone,Gd,TA,No,Unf,Unf,SBrkr,Gd,Attchd,Fin,TA,TA
1452,BrkFace,Gd,TA,Gd,GLQ,Unf,SBrkr,,Basment,Fin,TA,TA
1453,None,Gd,TA,No,Unf,Unf,SBrkr,,,,,
1454,None,Gd,TA,No,GLQ,Unf,SBrkr,,Attchd,RFn,TA,TA
1455,None,Gd,TA,No,Unf,Unf,SBrkr,TA,Attchd,RFn,TA,TA
1456,Stone,Gd,TA,No,ALQ,Rec,SBrkr,TA,Attchd,Unf,TA,TA
1457,None,TA,Gd,No,GLQ,Unf,SBrkr,Gd,Attchd,RFn,TA,TA
1458,None,TA,TA,Mn,GLQ,Rec,FuseA,,Attchd,Unf,TA,TA
1459,None,TA,TA,No,BLQ,LwQ,SBrkr,,Attchd,Fin,TA,TA
